date,hx_px,ss_px,dxy,spx,sox,vix,hyoas,move
2023-08-14,112433.3984375,63645.9921875,103.19000244140624,4489.72021484375,3615.449951171875,14.81999969482422,,
2023-08-15,,,103.20999908447266,4437.85986328125,3553.9599609375,16.459999084472656,,
2023-08-16,113314.0859375,63362.28515625,103.41999816894533,4404.330078125,3480.080078125,16.780000686645508,,
2023-08-17,112335.5390625,63078.5703125,103.44000244140624,4370.35986328125,3446.35009765625,17.889999389648438,,
2023-08-18,114684.0234375,62700.28125,103.37999725341795,4369.7099609375,3462.739990234375,17.299999237060547,,
2023-08-21,113901.1953125,62983.9921875,103.33000183105467,4399.77001953125,3560.739990234375,17.1299991607666,,
2023-08-22,113999.046875,62983.9921875,103.55999755859376,4387.5498046875,3527.68994140625,16.969999313354492,,
2023-08-23,113509.78125,63456.8515625,103.36000061035156,4436.009765625,3602.010009765625,15.979999542236328,,
2023-08-24,118304.59375,64497.12109375,103.9800033569336,4376.31005859375,3481.300048828125,17.200000762939453,,
2023-08-25,113999.0390625,63456.84375,104.08000183105469,4405.7099609375,3495.64990234375,15.680000305175781,,110.37000274658203
2023-08-28,113411.921875,63173.1328125,104.05999755859375,4433.31005859375,3537.8701171875,15.079999923706055,,110.44999694824219
2023-08-29,116053.9609375,63173.1328125,103.55000305175781,4497.6298828125,3629.570068359375,14.449999809265137,,110.68000030517578
2023-08-30,116836.7890625,63456.84375,103.16000366210938,4514.8701171875,3643.919921875,13.880000114440918,,109.83999633789062
2023-08-31,119185.2734375,63267.69921875,103.62000274658203,4507.66015625,3670.929931640625,13.569999694824219,,107.93000030517578
2023-09-01,117423.9140625,67145.09375,104.23999786376953,4515.77001953125,3682.840087890625,13.09000015258789,,102.91999816894531
2023-09-04,116641.0859375,67334.234375,,,,,,
2023-09-05,116836.7890625,66861.390625,104.80999755859375,4496.830078125,3683.7900390625,14.010000228881836,,109.63999938964844
2023-09-06,115662.546875,66199.4140625,104.86000061035156,4465.47998046875,3654.4599609375,14.449999809265137,,111.30999755859375
2023-09-07,115956.1171875,66577.6796875,105.05999755859375,4451.14013671875,3582.110107421875,14.399999618530273,,105.19999694824219
2023-09-08,111259.1640625,66483.1015625,105.08999633789062,4457.490234375,3565.989990234375,13.84000015258789,,104.33999633789062
2023-09-11,113411.921875,66955.953125,104.56999969482422,4487.4599609375,3569.22998046875,13.800000190734863,,107.2300033569336
2023-09-12,114194.7578125,66672.2421875,104.70999908447266,4461.89990234375,3541.090087890625,14.229999542236328,,105.11000061035156
2023-09-13,115956.1171875,67050.515625,104.7699966430664,4467.43994140625,3560.4599609375,13.479999542236328,,101.86000061035156
2023-09-14,119576.6875,67807.1015625,105.41000366210938,4505.10009765625,3584.22998046875,12.819999694824219,,97.11000061035156
2023-09-15,119772.3984375,68090.8046875,105.31999969482422,4450.31982421875,3476.389892578125,13.789999961853027,,96.61000061035156
2023-09-18,116445.375,66388.5390625,105.19999694824219,4453.52978515625,3492.469970703125,14.0,,99.31999969482422
2023-09-19,116641.0859375,66010.25,105.19999694824219,4443.9501953125,3459.02001953125,14.109999656677246,,101.30999755859375
2023-09-20,115466.84375,65821.109375,105.16000366210938,4402.2001953125,3398.81005859375,15.140000343322754,,97.04000091552734
2023-09-21,113999.0390625,65159.125,105.36000061035156,4330.0,3338.85009765625,17.540000915527344,,106.0
2023-09-22,114781.8671875,65064.55078125,105.58000183105469,4320.06005859375,3365.2900390625,17.200000762939453,,101.11000061035156
2023-09-25,114488.3125,65631.9609375,106.0,4337.43994140625,3389.4599609375,16.899999618530273,,117.33000183105469
2023-09-26,112820.53125,65214.63671875,106.2300033569336,4273.52978515625,3329.6201171875,18.940000534057617,,117.72000122070312
2023-09-27,112526.21875,65024.51953125,106.66999816894531,4274.509765625,3361.409912109375,18.219999313354492,,122.08999633789062
2023-09-28,,,106.22000122070312,4299.7001953125,3420.989990234375,17.34000015258789,,115.23999786376953
2023-09-29,,,106.16999816894531,4288.0498046875,3434.2900390625,17.520000457763672,,113.55000305175781
2023-10-02,,,106.9000015258789,4288.39013671875,3448.85009765625,17.610000610351562,,127.58999633789062
2023-10-03,,,107.0,4229.4501953125,3376.580078125,19.780000686645508,,141.6699981689453
2023-10-04,113212.9609375,64168.9296875,106.80000305175781,4263.75,3424.919921875,18.579999923706055,,128.22999572753906
2023-10-05,117921.9921875,63408.39453125,106.33000183105469,4258.18994140625,3406.97998046875,18.489999771118164,,130.17999267578125
2023-10-06,118118.2109375,62742.9453125,106.04000091552734,4308.5,3475.2099609375,17.450000762939453,,126.63999938964844
2023-10-09,,,106.08000183105469,4335.66015625,3467.35009765625,17.700000762939453,,
2023-10-10,117235.25,63123.2109375,105.83000183105469,4358.240234375,3512.070068359375,17.030000686645508,,136.1699981689453
2023-10-11,116940.9453125,64834.3828125,105.81999969482422,4376.9501953125,3537.830078125,16.09000015258789,,127.18000030517578
2023-10-12,121846.1796875,65499.83203125,106.56999969482422,4349.60986328125,3548.6201171875,16.690000534057617,,126.37000274658203
2023-10-13,122336.703125,64644.25,106.6500015258789,4327.77978515625,3452.969970703125,19.31999969482422,,128.3300018310547
2023-10-16,121748.078125,63978.796875,106.23999786376953,4373.6298828125,3502.510009765625,17.209999084472656,,130.16000366210938
2023-10-17,127536.25,65975.15625,106.25,4373.2001953125,3474.659912109375,17.8799991607666,,130.1699981689453
2023-10-18,127536.25,67020.875,106.56999969482422,4314.60009765625,3413.449951171875,19.219999313354492,,129.1699981689453
2023-10-19,123317.75,66070.21875,106.25,4278.0,3367.77001953125,21.399999618530273,,134.6199951171875
2023-10-20,123808.2734375,65404.7734375,106.16000366210938,4224.16015625,3316.139892578125,21.709999084472656,,135.4499969482422
2023-10-23,121649.9609375,65024.51953125,105.54000091552734,4217.0400390625,3298.5400390625,20.3700008392334,,131.8300018310547
2023-10-24,124396.90625,65119.57421875,106.2699966430664,4247.68017578125,3343.93994140625,18.969999313354492,,128.1300048828125
2023-10-25,125083.640625,64644.25,106.52999877929688,4186.77001953125,3205.840087890625,20.190000534057617,,131.2100067138672
2023-10-26,117725.78125,63408.39453125,106.5999984741211,4137.22998046875,3188.419921875,20.68000030517578,,130.94000244140625
2023-10-27,116842.828125,63978.796875,106.55999755859375,4117.3701171875,3227.090087890625,21.270000457763672,,129.16000366210938
2023-10-30,116842.828125,63978.796875,106.12000274658203,4166.81982421875,3185.179931640625,19.75,,131.89999389648438
2023-10-31,114095.8984375,63598.52734375,106.66000366210938,4193.7998046875,3215.889892578125,18.139999389648438,,126.86000061035156
2023-11-01,118020.1015625,65214.63671875,106.87999725341797,4237.85986328125,3290.949951171875,16.8700008392334,,120.55000305175781
2023-11-02,122925.328125,66260.359375,106.12000274658203,4317.77978515625,3368.5400390625,15.65999984741211,,118.63999938964844
2023-11-03,123415.859375,66165.296875,105.0199966430664,4358.33984375,3454.570068359375,14.90999984741211,,118.73999786376953
2023-11-06,130479.3984375,67401.1328125,105.22000122070312,4365.97998046875,3444.889892578125,14.890000343322754,,121.73999786376953
2023-11-07,127928.6640625,67401.1328125,105.54000091552734,4378.3798828125,3471.4599609375,14.8100004196167,,120.08999633789062
2023-11-08,125181.734375,66450.46875,105.58999633789062,4382.77978515625,3472.669921875,14.449999809265137,,117.0999984741211
2023-11-09,125574.15625,66830.7421875,105.91000366210938,4347.35009765625,3452.340087890625,15.289999961853027,,117.05000305175781
2023-11-10,128026.78125,67020.875,105.86000061035156,4415.240234375,3591.739990234375,14.170000076293945,,116.79000091552734
2023-11-13,129302.1484375,66925.8125,105.66000366210938,4411.5498046875,3556.75,14.760000228881836,,124.47000122070312
2023-11-14,127536.25,67306.078125,104.11000061035156,4495.7001953125,3685.570068359375,14.15999984741211,,124.11000061035156
2023-11-15,131558.546875,68636.984375,104.38999938964844,4502.8798828125,3712.090087890625,14.180000305175781,,122.19000244140625
2023-11-16,129792.6796875,69207.3671875,104.37000274658203,4508.240234375,3724.10009765625,14.319999694824219,,116.08000183105469
2023-11-17,127438.140625,68922.171875,103.81999969482422,4514.02001953125,3748.64990234375,13.800000190734863,,113.11000061035156
2023-11-20,128909.7265625,69112.3046875,103.47000122070312,4547.3798828125,3805.81005859375,13.40999984741211,,115.08999633789062
2023-11-21,129498.359375,69207.3671875,103.58999633789062,4538.18994140625,3732.7900390625,13.350000381469727,,112.79000091552734
2023-11-22,128811.6328125,69207.3671875,103.91999816894531,4556.6201171875,3744.9599609375,12.850000381469727,,111.56999969482422
2023-11-23,127634.3671875,68827.09375,,,,,,
2023-11-24,125574.15625,68161.65625,103.4000015258789,4559.33984375,3747.929931640625,12.460000038146973,,107.43000030517578
2023-11-27,128222.9921875,67781.40625,103.19999694824219,4550.43017578125,3739.31005859375,12.6899995803833,,109.30999755859375
2023-11-28,128909.7265625,69112.3046875,102.75,4554.89013671875,3718.35009765625,12.6899995803833,,110.05999755859375
2023-11-29,127928.6640625,69112.3046875,102.7699966430664,4550.580078125,3753.360107421875,12.979999542236328,,114.58999633789062
2023-11-30,131362.34375,69207.3671875,103.5,4567.7998046875,3724.580078125,12.920000076293945,,115.31999969482422
2023-12-01,130087.0,68446.8515625,103.2699966430664,4594.6298828125,3738.27001953125,12.630000114440918,,111.51000213623047
2023-12-04,128615.390625,69017.234375,103.63999938964844,4569.77978515625,3693.43994140625,13.079999923706055,,118.25
2023-12-05,123513.953125,67686.3203125,104.05000305175781,4567.18017578125,3672.39990234375,12.850000381469727,,127.19999694824219
2023-12-06,123219.65625,68161.65625,104.1500015258789,4549.33984375,3645.820068359375,12.970000267028809,,124.9800033569336
2023-12-07,123219.65625,67971.5234375,103.54000091552734,4585.58984375,3747.5400390625,13.0600004196167,,129.74000549316406
2023-12-08,125083.640625,69017.234375,104.01000213623047,4604.3701171875,3774.169921875,12.350000381469727,,121.6500015258789
2023-12-11,126457.1171875,69397.5,104.0999984741211,4622.43994140625,3902.389892578125,12.630000114440918,,126.66000366210938
2023-12-12,128517.3125,69872.8125,103.87000274658203,4643.7001953125,3930.179931640625,12.069999694824219,,118.62000274658203
2023-12-13,128713.5234375,69207.3671875,102.87000274658203,4707.08984375,3990.949951171875,12.1899995803833,,113.7699966430664
2023-12-14,134109.28125,69492.5625,101.95999908447266,4719.5498046875,4097.47021484375,12.479999542236328,,118.04000091552734
2023-12-15,137346.734375,69682.703125,102.55000305175781,4719.18994140625,4117.0,12.279999732971191,,115.75
2023-12-18,137346.734375,69302.4375,102.51000213623047,4740.56005859375,4103.7900390625,12.5600004196167,,118.45999908447266
2023-12-19,135580.84375,69777.765625,102.16999816894531,4768.3701171875,4125.56005859375,12.529999732971191,,115.02999877929688
2023-12-20,137837.25,71108.6796875,102.41000366210938,4698.35009765625,4007.659912109375,13.670000076293945,,111.87000274658203
2023-12-21,137837.25,71298.796875,101.83999633789062,4746.75,4118.58984375,13.649999618530273,,111.93000030517578
2023-12-22,137935.359375,72154.3984375,101.69999694824219,4754.6298828125,4132.85009765625,13.029999732971191,,111.37999725341797
2023-12-26,138229.6875,72819.84375,101.47000122070312,4774.75,4207.4501953125,12.989999771118164,,116.0
2023-12-27,138033.078125,74501.875,100.98999786376953,4781.580078125,4214.58984375,12.430000305175781,,114.52999877929688
2023-12-28,139114.5,74979.4453125,101.2300033569336,4783.35009765625,4208.68017578125,12.470000267028809,,113.77999877929688
2023-12-29,,,101.33000183105469,4769.830078125,4175.47021484375,12.449999809265137,,114.62000274658203
2024-01-02,139999.328125,76030.1171875,102.19999694824219,4742.830078125,4023.0400390625,13.199999809265137,,127.0199966430664
2024-01-03,134493.71875,73546.7265625,102.45999908447266,4704.81005859375,3941.2099609375,14.039999961853027,,124.56999969482422
2024-01-04,134100.515625,73164.6640625,102.41999816894531,4688.68017578125,3908.85009765625,14.130000114440918,,121.12000274658203
2024-01-05,135181.96875,73164.6640625,102.41000366210938,4697.240234375,3933.489990234375,13.350000381469727,,116.19000244140625
2024-01-08,133707.25,73069.125,102.20999908447266,4763.5400390625,4062.47998046875,13.079999923706055,,117.72000122070312
2024-01-09,135083.640625,71349.8671875,102.56999969482422,4756.5,4064.64990234375,12.760000228881836,,114.91999816894531
2024-01-10,131249.390625,70299.1953125,102.36000061035156,4783.4501953125,4048.840087890625,12.6899995803833,,109.62999725341797
2024-01-11,133707.25,69917.1328125,102.29000091552734,4780.240234375,4067.89990234375,12.4399995803833,,103.44999694824219
2024-01-12,131839.265625,69821.625,102.4000015258789,4783.830078125,4052.429931640625,12.699999809265137,,106.51000213623047
2024-01-15,131839.265625,70585.7421875,,,,,,
2024-01-16,129872.984375,69344.0390625,103.36000061035156,4765.97998046875,4105.93994140625,13.84000015258789,,113.44000244140625
2024-01-17,128791.515625,67815.7890625,103.44999694824219,4739.2099609375,4069.949951171875,14.789999961853027,,105.86000061035156
2024-01-18,133903.875,68484.421875,103.54000091552734,4780.93994140625,4206.52001953125,14.130000114440918,,107.22000122070312
2024-01-19,138917.890625,71349.8671875,103.29000091552734,4839.81005859375,4375.64990234375,13.300000190734863,,104.97000122070312
2024-01-22,140195.96875,71731.9140625,103.33000183105469,4850.43017578125,4386.60009765625,13.1899995803833,,106.87000274658203
2024-01-23,138426.328125,71827.4375,103.62000274658203,4864.60009765625,4415.259765625,12.550000190734863,,107.69999694824219
2024-01-24,139114.5,70681.2578125,103.23999786376953,4868.5498046875,4483.330078125,13.140000343322754,,105.77999877929688
2024-01-25,135083.640625,70776.78125,103.56999969482422,4894.16015625,4472.259765625,13.449999809265137,,105.88999938964844
2024-01-26,133707.25,70108.171875,103.47000122070312,4890.97021484375,4342.10009765625,13.260000228881836,,100.2300033569336
2024-01-29,132724.078125,71063.328125,103.61000061035156,4927.93017578125,4388.27001953125,13.600000381469727,,106.33999633789062
2024-01-30,134592.078125,70967.8046875,103.4000015258789,4924.97021484375,4319.990234375,13.3100004196167,,104.26000213623047
2024-01-31,132429.140625,69439.5703125,103.2699966430664,4845.64990234375,4260.919921875,14.350000381469727,,107.27999877929688
2024-02-01,130462.875,70299.1953125,103.05000305175781,4906.18994140625,4280.47998046875,13.880000114440918,,113.91999816894531
2024-02-02,132625.796875,71827.4375,103.91999816894531,4958.60986328125,4336.72998046875,13.850000381469727,,106.72000122070312
2024-02-05,130069.6171875,70967.8046875,104.44999694824219,4942.81005859375,4388.10009765625,13.670000076293945,,108.68000030517578
2024-02-06,135673.5,71063.328125,104.18000030517578,4954.22998046875,4338.27001953125,13.0600004196167,,110.5999984741211
2024-02-07,135673.5,71636.4140625,104.04000091552734,4995.06005859375,4408.72998046875,12.829999923706055,,107.86000061035156
2024-02-08,140392.578125,70776.78125,104.1500015258789,4997.91015625,4478.009765625,12.789999961853027,,108.5999984741211
2024-02-09,,,104.08000183105469,5026.60986328125,4567.2998046875,12.930000305175781,,106.20999908447266
2024-02-12,,,104.16999816894531,5021.83984375,4560.0400390625,13.930000305175781,,109.77999877929688
2024-02-13,147471.21875,71827.4375,104.95999908447266,4953.169921875,4468.18017578125,15.850000381469727,,113.22000122070312
2024-02-14,146193.140625,70681.2578125,104.72000122070312,5000.6201171875,4565.41015625,14.380000114440918,,111.97000122070312
2024-02-15,146389.765625,69917.1328125,104.30000305175781,5029.72998046875,4558.10009765625,14.010000228881836,,112.08999633789062
2024-02-16,144325.171875,69535.0703125,104.27999877929688,5005.56982421875,4527.68017578125,14.239999771118164,,109.19999694824219
2024-02-19,148749.296875,70490.234375,,,,,,
2024-02-20,147077.953125,70012.65625,104.08000183105469,4975.509765625,4456.8701171875,15.420000076293945,,111.0199966430664
2024-02-21,146488.03125,69726.1015625,104.01000213623047,4981.7998046875,4446.35986328125,15.34000015258789,,114.2699966430664
2024-02-22,153861.640625,69821.625,103.95999908447266,5087.02978515625,4667.3701171875,14.539999961853027,,115.58999633789062
2024-02-23,158679.015625,69630.5859375,103.94000244140625,5088.7998046875,4615.02978515625,13.75,,108.30999755859375
2024-02-26,159072.296875,69535.0703125,103.83000183105469,5069.52978515625,4663.47021484375,13.739999771118164,,110.7699966430664
2024-02-27,151207.15625,69630.5859375,103.83000183105469,5078.18017578125,4654.89013671875,13.430000305175781,,110.80000305175781
2024-02-28,155336.359375,69917.1328125,103.9800033569336,5069.759765625,4602.60009765625,13.84000015258789,,108.70999908447266
2024-02-29,153566.6875,70108.171875,104.16000366210938,5096.27001953125,4726.919921875,13.399999618530273,,109.0999984741211
2024-03-01,,,103.86000061035156,5137.080078125,4929.580078125,13.109999656677246,,106.4800033569336
2024-03-04,163693.046875,71540.8984375,103.83000183105469,5130.9501953125,4981.97021484375,13.489999771118164,,109.56999969482422
2024-03-05,163004.84375,70394.71875,103.80000305175781,5078.64990234375,4879.830078125,14.460000038146973,,110.33000183105469
2024-03-06,160153.71875,69630.5859375,103.37000274658203,5104.759765625,4997.93017578125,14.5,,105.33000183105469
2024-03-07,162120.0,68961.984375,102.81999969482422,5157.35986328125,5165.830078125,14.4399995803833,,105.44999694824219
2024-03-08,169002.015625,70012.65625,102.73999786376953,5123.68994140625,4957.77978515625,14.739999771118164,,100.87999725341797
2024-03-11,163791.359375,69153.0,102.87000274658203,5117.93994140625,4890.2001953125,15.220000267028809,,106.62999725341797
2024-03-12,162906.546875,70012.65625,102.95999908447266,5175.27001953125,4992.509765625,13.84000015258789,,101.36000061035156
2024-03-13,160841.9375,70776.78125,102.79000091552734,5165.31005859375,4868.9501953125,13.75,,97.02999877929688
2024-03-14,159170.578125,70967.8046875,103.36000061035156,5150.47998046875,4783.64990234375,14.399999618530273,,98.66999816894531
2024-03-15,158482.40625,69057.5078125,103.43000030517578,5117.08984375,4757.7099609375,14.40999984741211,,97.81999969482422
2024-03-18,161530.15625,69535.0703125,103.58000183105469,5149.419921875,4757.60009765625,14.329999923706055,,102.87000274658203
2024-03-19,157499.265625,69535.0703125,103.80999755859375,5178.509765625,4712.81005859375,13.819999694824219,,99.98999786376953
2024-03-20,153861.640625,73451.203125,103.41000366210938,5224.6201171875,4788.18017578125,13.039999961853027,,92.72000122070312
2024-03-21,167134.078125,75743.5625,104.0,5241.52978515625,4897.8798828125,12.920000076293945,,90.81999969482422
2024-03-22,166937.4375,75361.515625,104.43000030517578,5234.18017578125,4908.259765625,13.0600004196167,,91.04000091552734
2024-03-25,166544.171875,74692.8984375,104.2300033569336,5218.18994140625,4891.490234375,13.1899995803833,,92.23999786376953
2024-03-26,173622.765625,76316.6640625,104.29000091552734,5203.580078125,4851.8798828125,13.239999771118164,,90.62999725341797
2024-03-27,178145.234375,76221.140625,104.3499984741211,5248.490234375,4899.9501953125,12.779999732971191,,86.27999877929688
2024-03-28,175486.34375,77527.0078125,104.55000305175781,5254.35009765625,4905.2099609375,13.010000228881836,,86.37999725341797
2024-03-29,180213.25,79062.1953125,,,,,,
2024-04-01,182675.1875,78678.40625,105.0199966430664,5243.77001953125,4962.10009765625,13.649999618530273,,94.19999694824219
2024-04-02,183463.015625,81556.8828125,104.81999969482422,5205.81005859375,4886.93994140625,14.609999656677246,,96.56999969482422
2024-04-03,176471.09375,80693.34375,104.25,5211.490234375,4903.5,14.329999923706055,,97.87999725341797
2024-04-04,185137.09375,81844.7265625,104.12000274658203,5147.2099609375,4756.06982421875,16.350000381469727,,96.12999725341797
2024-04-05,180016.296875,81077.125,104.30000305175781,5204.33984375,4819.1298828125,16.030000686645508,,94.30999755859375
2024-04-08,178440.671875,81077.125,104.13999938964844,5202.39013671875,4825.39013671875,15.1899995803833,,99.37000274658203
2024-04-09,180114.78125,80213.578125,104.1500015258789,5209.91015625,4870.81005859375,14.979999542236328,,98.7300033569336
2024-04-10,,,105.25,5160.64013671875,4790.35009765625,15.800000190734863,,109.58999633789062
2024-04-11,185531.015625,80693.34375,105.27999877929688,5199.06005859375,4906.3701171875,14.90999984741211,,108.86000061035156
2024-04-12,184546.234375,80309.546875,106.04000091552734,5123.41015625,4745.0498046875,17.309999465942383,,112.81999969482422
2024-04-15,185334.078125,78870.3046875,106.20999908447266,5061.81982421875,4679.10009765625,19.229999542236328,,121.1500015258789
2024-04-16,176372.640625,76759.421875,106.26000213623047,5051.41015625,4720.52978515625,18.399999618530273,,119.58999633789062
2024-04-17,175978.734375,75703.984375,105.94999694824219,5022.2099609375,4567.31005859375,18.209999084472656,,113.29000091552734
2024-04-18,179523.90625,76375.6328125,106.1500015258789,5011.1201171875,4491.7099609375,18.0,,108.66000366210938
2024-04-19,170660.96875,74456.625,106.1500015258789,4967.22998046875,4306.8701171875,18.709999084472656,,111.26000213623047
2024-04-22,168986.859375,73017.3984375,106.08000183105469,5010.60009765625,4381.919921875,16.940000534057617,,108.55999755859375
2024-04-23,168395.984375,72441.6953125,105.69000244140625,5070.5498046875,4478.7998046875,15.6899995803833,,106.8499984741211
2024-04-24,177061.96875,75416.125,105.86000061035156,5071.6298828125,4526.2001953125,15.970000267028809,,110.20999908447266
2024-04-25,168002.078125,73209.2890625,105.5999984741211,5048.419921875,4615.0400390625,15.369999885559082,,108.55000305175781
2024-04-26,175092.421875,73593.0859375,105.94000244140625,5099.9599609375,4735.2900390625,15.029999732971191,,104.4000015258789
2024-04-29,173221.375,73593.0859375,105.58000183105469,5116.169921875,4765.7900390625,14.670000076293945,,105.41999816894531
2024-04-30,171547.28125,74360.6875,106.22000122070312,5035.68994140625,4673.2998046875,15.649999618530273,,107.45999908447266
2024-05-01,,,105.76000213623047,5018.39013671875,4507.68017578125,15.390000343322754,,100.63999938964844
2024-05-02,170956.40625,74840.4296875,105.30000305175781,5064.2001953125,4605.35009765625,14.680000305175781,,100.69999694824219
2024-05-03,170562.5,74456.625,105.02999877929688,5127.7900390625,4716.18994140625,13.489999771118164,,95.95999908447266
2024-05-06,,,105.05000305175781,5180.740234375,4820.4501953125,13.489999771118164,,94.5
2024-05-07,176865.0,78006.75,105.41000366210938,5187.7001953125,4784.8798828125,13.229999542236328,,98.04000091552734
2024-05-08,175289.375,78006.75,105.55000305175781,5187.669921875,4790.3798828125,13.0,,95.58000183105469
2024-05-09,172728.984375,76471.5625,105.2300033569336,5214.080078125,4759.77001953125,12.6899995803833,,93.8499984741211
2024-05-10,177160.46875,75991.8125,105.30999755859375,5222.68017578125,4808.02978515625,12.550000190734863,,94.2300033569336
2024-05-13,181001.078125,75224.2265625,105.22000122070312,5221.419921875,4823.08984375,13.600000381469727,,105.3499984741211
2024-05-14,182478.234375,75128.2734375,105.01000213623047,5246.68017578125,4903.93017578125,13.420000076293945,,106.55000305175781
2024-05-15,,,104.3499984741211,5308.14990234375,5045.080078125,12.449999809265137,,93.77999877929688
2024-05-16,190060.96875,75032.3359375,104.45999908447266,5297.10009765625,5017.5400390625,12.420000076293945,,91.83000183105469
2024-05-17,187008.1875,74264.734375,104.44999694824219,5303.27001953125,4983.02001953125,11.989999771118164,,89.3499984741211
2024-05-20,187205.140625,75703.984375,104.56999969482422,5308.1298828125,5090.35009765625,12.149999618530273,,88.12999725341797
2024-05-21,189076.203125,75224.2265625,104.66000366210938,5321.41015625,5074.39990234375,11.859999656677246,,85.33999633789062
2024-05-22,194689.375,74552.5703125,104.94000244140625,5307.009765625,5126.81005859375,12.289999961853027,,82.48999786376953
2024-05-23,196954.359375,75128.2734375,105.11000061035156,5267.83984375,5125.97998046875,12.770000457763672,,86.1500015258789
2024-05-24,195575.703125,72825.5078125,104.72000122070312,5304.72021484375,5220.919921875,11.930000305175781,,83.56999969482422
2024-05-27,198431.53125,74072.8359375,,,,,,
2024-05-28,199416.3125,74456.625,104.61000061035156,5306.0400390625,5317.8701171875,12.920000076293945,,89.66999816894531
2024-05-29,199416.3125,72153.84375,105.0999984741211,5266.9501953125,5219.31982421875,14.279999732971191,,93.44999694824219
2024-05-30,192719.84375,70522.7109375,104.72000122070312,5235.47998046875,5173.259765625,14.470000267028809,,91.08999633789062
2024-05-31,186318.828125,70522.7109375,104.66999816894531,5277.509765625,5123.35986328125,12.920000076293945,,91.13999938964844
2024-06-03,191242.6875,72633.609375,104.13999938964844,5283.39990234375,5152.509765625,13.109999656677246,,93.91999816894531
2024-06-04,190356.421875,72249.796875,104.11000061035156,5291.33984375,5116.27001953125,13.15999984741211,,100.11000061035156
2024-06-05,190750.328125,74264.734375,104.2699966430664,5354.02978515625,5347.43994140625,12.630000114440918,,102.43000030517578
2024-06-06,,,104.0999984741211,5352.9599609375,5301.68017578125,12.579999923706055,,100.98999786376953
2024-06-07,204340.15625,74168.796875,104.88999938964844,5346.990234375,5287.240234375,12.220000267028809,,91.81999969482422
2024-06-10,204832.53125,72633.609375,105.1500015258789,5360.7900390625,5362.39990234375,12.739999771118164,,94.16000366210938
2024-06-11,209264.03125,72153.84375,105.2300033569336,5375.31982421875,5365.3798828125,12.850000381469727,,97.2699966430664
2024-06-12,211725.953125,73401.1875,104.6500015258789,5421.02978515625,5520.8701171875,12.039999961853027,,91.7300033569336
2024-06-13,218619.359375,75416.125,105.19999694824219,5433.740234375,5602.419921875,11.9399995803833,,91.93000030517578
2024-06-14,217634.59375,76375.6328125,105.55000305175781,5431.60009765625,5598.31005859375,12.65999984741211,,100.16000366210938
2024-06-17,219604.125,74936.375,105.31999969482422,5473.22998046875,5688.10009765625,12.75,,99.06999969482422
2024-06-18,230929.0,76567.515625,105.26000213623047,5487.02978515625,5765.1201171875,12.300000190734863,,97.98999786376953
2024-06-19,229944.25,77910.8046875,,,,,,
2024-06-20,233883.328125,78294.6015625,105.58999633789062,5473.169921875,5610.009765625,13.279999732971191,,94.13999938964844
2024-06-21,230436.625,76759.421875,105.80000305175781,5464.6201171875,5538.5400390625,13.199999809265137,,94.08999633789062
2024-06-24,219604.125,77335.109375,105.47000122070312,5447.8701171875,5371.52001953125,13.329999923706055,,95.19999694824219
2024-06-25,221573.671875,77527.0078125,105.61000061035156,5469.2998046875,5467.66015625,12.84000015258789,,96.97000122070312
2024-06-26,233390.921875,78006.75,106.05000305175781,5477.89990234375,5452.31982421875,12.550000190734863,,97.91000366210938
2024-06-27,233193.71875,78643.8203125,105.91000366210938,5482.8701171875,5421.08984375,12.239999771118164,,95.69000244140625
2024-06-28,233193.71875,78547.4296875,105.87000274658203,5460.47998046875,5472.259765625,12.4399995803833,,98.58999633789062
2024-07-01,232207.6875,78836.5546875,105.9000015258789,5475.08984375,5477.14990234375,12.220000267028809,,106.2300033569336
2024-07-02,228756.65625,78836.5546875,105.72000122070312,5509.009765625,5544.990234375,12.029999732971191,,107.51000213623047
2024-07-03,232700.71875,78836.5546875,105.4000015258789,5537.02001953125,5651.72021484375,12.09000015258789,,102.83000183105469
2024-07-04,226784.59375,81535.125,,,,,,
2024-07-05,232700.71875,83944.5703125,104.87999725341797,5567.18994140625,5656.31005859375,12.479999542236328,,98.77999877929688
2024-07-08,230235.6875,84233.6875,105.01000213623047,5572.85009765625,5765.2099609375,12.369999885559082,,97.95999908447266
2024-07-09,235165.75,84619.203125,105.12000274658203,5576.97998046875,5765.2001953125,12.510000228881836,,95.62000274658203
2024-07-10,235658.765625,84619.203125,105.05000305175781,5633.91015625,5904.5400390625,12.850000381469727,,92.97000122070312
2024-07-11,237630.828125,84426.4375,104.44000244140625,5584.5400390625,5699.66015625,12.920000076293945,,89.66999816894531
2024-07-12,229742.65625,81342.3828125,104.08999633789062,5615.35009765625,5775.18994140625,12.460000038146973,,86.79000091552734
2024-07-15,226784.59375,83559.0546875,104.19000244140625,5631.22021484375,5777.7099609375,13.119999885559082,,94.5
2024-07-16,229742.65625,84522.8203125,104.2699966430664,5667.2001953125,5804.02978515625,13.1899995803833,,93.87000274658203
2024-07-17,217417.390625,83559.0546875,103.75,5588.27001953125,5408.7099609375,14.479999542236328,,91.0
2024-07-18,209529.265625,83751.8125,104.16999816894531,5544.58984375,5436.419921875,15.930000305175781,,91.97000122070312
2024-07-19,206571.1875,81342.3828125,104.4000015258789,5505.0,5267.16015625,16.520000457763672,,94.29000091552734
2024-07-22,202134.09375,79993.109375,104.30999755859375,5564.41015625,5477.830078125,14.90999984741211,,94.44999694824219
2024-07-23,202134.09375,80860.4921875,104.44999694824219,5555.740234375,5397.89990234375,14.720000267028809,,95.04000091552734
2024-07-24,205585.171875,79029.3203125,104.38999938964844,5427.1298828125,5105.64990234375,18.040000915527344,,94.80999755859375
2024-07-25,187343.796875,77487.28125,104.36000061035156,5399.22021484375,5005.35986328125,18.459999084472656,,99.08000183105469
2024-07-26,189118.625,77969.171875,104.31999969482422,5459.10009765625,5103.1298828125,16.389999389648438,,97.76000213623047
2024-07-29,192865.53125,78258.3125,104.55999755859375,5463.5400390625,5087.6201171875,16.600000381469727,,98.6500015258789
2024-07-30,186259.203125,78065.5546875,104.55000305175781,5436.43994140625,4890.14990234375,17.690000534057617,,100.41999816894531
2024-07-31,191879.5,80860.4921875,104.0999984741211,5522.2998046875,5233.18017578125,16.360000610351562,,99.41000366210938
2024-08-01,190597.6875,80089.4765625,104.41999816894531,5446.68017578125,4859.58984375,18.59000015258789,,101.81999969482422
2024-08-02,170778.671875,76716.28125,103.20999908447266,5346.56005859375,4607.759765625,23.389999389648438,,112.26000213623047
2024-08-05,153917.71875,68813.34375,102.69000244140625,5186.330078125,4519.4501953125,38.56999969482422,,121.22000122070312
2024-08-06,161411.484375,69873.4921875,102.97000122070312,5240.02978515625,4567.56982421875,27.709999084472656,,119.23999786376953
2024-08-07,166933.15625,71993.78125,103.19999694824219,5199.5,4426.27001953125,27.850000381469727,,112.69000244140625
2024-08-08,161115.65625,70740.890625,103.20999908447266,5319.31005859375,4730.009765625,23.790000915527344,,110.41999816894531
2024-08-09,169102.421875,71993.78125,103.13999938964844,5344.16015625,4709.4501953125,20.3700008392334,,108.26000213623047
2024-08-12,174525.515625,72764.8046875,103.13999938964844,5344.39013671875,4743.81982421875,20.709999084472656,352.0,118.26000213623047
2024-08-13,179357.046875,73343.0625,102.55999755859375,5434.43017578125,4942.31005859375,18.1200008392334,354.0,118.44000244140625
2024-08-14,184089.9375,74403.21875,102.56999969482422,5455.2099609375,4933.35009765625,16.190000534057617,346.0,106.33999633789062
2024-08-15,,,102.9800033569336,5543.22021484375,5173.3798828125,15.229999542236328,331.0,103.73999786376953
2024-08-16,196908.203125,77294.53125,102.45999908447266,5554.25,5170.25,14.800000190734863,329.0,102.80999755859375
2024-08-19,191189.28125,75463.3671875,101.88999938964844,5608.25,5266.56982421875,14.649999618530273,321.0,110.12999725341797
2024-08-20,196908.203125,76041.6328125,101.44000244140625,5597.1201171875,5196.2998046875,15.880000114440918,325.0,111.56999969482422
2024-08-21,189907.4375,75463.3671875,101.04000091552734,5620.85009765625,5267.93017578125,16.270000457763672,327.0,111.37999725341797
2024-08-22,188428.4375,75463.3671875,101.51000213623047,5570.64013671875,5086.89990234375,17.549999237060547,321.0,108.5
2024-08-23,182906.703125,74885.09375,100.72000122070312,5634.60986328125,5228.64990234375,15.859999656677246,319.0,105.62999725341797
2024-08-26,177089.171875,73343.0625,100.8499984741211,5616.83984375,5097.35009765625,16.149999618530273,315.0,106.66000366210938
2024-08-27,172553.515625,73053.9375,100.55000305175781,5625.7998046875,5153.6298828125,15.430000305175781,317.0,109.22000122070312
2024-08-28,176793.390625,73632.1875,101.08999633789062,5592.18017578125,5059.56005859375,17.110000610351562,319.0,108.76000213623047
2024-08-29,167327.578125,71319.1328125,101.33999633789062,5591.9599609375,5029.25,15.649999618530273,315.0,106.69999694824219
2024-08-30,171271.671875,71608.28125,101.69999694824219,5648.39990234375,5158.81982421875,15.0,313.0,107.7699966430664
2024-08-31,,,,,,,317.0,
2024-09-02,171567.46875,71704.65625,,,,,317.0,
2024-09-03,165947.1875,69873.4921875,101.83000183105469,5528.93017578125,4759.0,20.719999313354492,331.0,114.19999694824219
2024-09-04,152635.90625,67464.0625,101.36000061035156,5520.06982421875,4770.85009765625,21.31999969482422,335.0,119.1500015258789
2024-09-05,157171.578125,66500.2890625,101.11000061035156,5503.41015625,4742.419921875,19.899999618530273,329.0,114.80999755859375
2024-09-06,154213.515625,66403.90625,101.18000030517578,5408.419921875,4528.22021484375,22.3799991607666,339.0,107.23999786376953
2024-09-09,154805.140625,65054.625,101.55000305175781,5471.0498046875,4625.77978515625,19.450000762939453,336.0,104.61000061035156
2024-09-10,153326.125,63801.71875,101.62999725341797,5495.52001953125,4680.669921875,19.079999923706055,346.0,108.36000061035156
2024-09-11,155002.3125,62548.8203125,101.68000030517578,5554.1298828125,4910.169921875,17.690000534057617,344.0,103.79000091552734
2024-09-12,166440.171875,63898.09765625,101.37000274658203,5595.759765625,4898.43994140625,17.06999969482422,339.0,98.02999877929688
2024-09-13,160524.0625,62066.93359375,101.11000061035156,5626.02001953125,4980.490234375,16.559999465942383,337.0,100.5999984741211
2024-09-16,,,100.76000213623047,5633.08984375,4910.43994140625,17.139999389648438,332.0,101.22000122070312
2024-09-17,,,100.88999938964844,5634.580078125,4912.10009765625,17.610000610351562,325.0,101.58000183105469
2024-09-18,,,100.5999984741211,5618.259765625,4859.2900390625,18.229999542236328,321.0,98.61000061035156
2024-09-19,150663.84375,60814.02734375,100.61000061035156,5713.64013671875,5066.64990234375,16.329999923706055,310.0,92.63999938964844
2024-09-20,154903.71875,60717.6484375,100.72000122070312,5702.5498046875,5000.06005859375,16.149999618530273,315.0,91.0
2024-09-23,159735.234375,60332.13671875,100.91999816894531,5718.56982421875,5025.81005859375,15.890000343322754,315.0,93.87000274658203
2024-09-24,161214.28125,60910.40234375,100.37000274658203,5732.93017578125,5091.77978515625,15.390000343322754,321.0,93.30000305175781
2024-09-25,162989.078125,59946.6328125,100.91999816894531,5722.259765625,5132.52001953125,15.40999984741211,319.0,91.63999938964844
2024-09-26,178371.015625,62356.05859375,100.55999755859375,5745.3701171875,5310.5,15.369999885559082,314.0,90.13999938964844
2024-09-27,181531.53125,62221.34765625,100.41999816894531,5738.169921875,5217.22998046875,16.959999084472656,314.0,92.52999877929688
2024-09-30,172445.078125,59604.5625,100.77999877929688,5762.47998046875,5173.06005859375,16.729999542236328,303.0,94.61000061035156
2024-10-01,,,101.19000244140625,5708.75,5024.93994140625,19.260000228881836,307.0,104.13999938964844
2024-10-02,167012.953125,59410.7265625,101.68000030517578,5709.5400390625,5099.2001953125,18.899999618530273,306.0,102.16999816894531
2024-10-03,,,101.98999786376953,5699.93994140625,5125.2099609375,20.489999771118164,304.0,101.16000366210938
2024-10-04,171951.21875,58732.29296875,102.5199966430664,5751.06982421875,5206.83984375,19.209999084472656,289.0,100.1500015258789
2024-10-07,182617.953125,59119.9765625,102.54000091552734,5695.93994140625,5196.7998046875,22.639999389648438,295.0,124.2300033569336
2024-10-08,175803.109375,58441.546875,102.55000305175781,5751.1298828125,5266.10009765625,21.420000076293945,299.0,123.7699966430664
2024-10-09,,,102.93000030517578,5792.0400390625,5321.89990234375,20.860000610351562,294.0,122.38999938964844
2024-10-10,184395.734375,57084.6953125,102.98999786376953,5780.0498046875,5293.93994140625,20.93000030517578,299.0,116.55999755859375
2024-10-11,183704.375,57472.36328125,102.88999938964844,5815.02978515625,5335.93994140625,20.459999084472656,298.0,118.47000122070312
2024-10-14,183704.375,57472.36328125,103.30000305175781,5859.85009765625,5432.2099609375,19.700000762939453,297.0,
2024-10-15,190519.21875,59119.9765625,103.26000213623047,5815.259765625,5145.2099609375,20.639999389648438,293.0,127.2300033569336
2024-10-16,186371.046875,57666.19921875,103.58999633789062,5842.47021484375,5155.85986328125,19.579999923706055,290.0,121.86000061035156
2024-10-17,193580.96875,57860.0390625,103.83000183105469,5841.47021484375,5204.81005859375,19.110000610351562,289.0,122.13999938964844
2024-10-18,184988.328125,57375.4453125,103.48999786376953,5864.669921875,5208.6201171875,18.030000686645508,288.0,123.12999725341797
2024-10-21,188543.890625,57181.61328125,104.01000213623047,5853.97998046875,5215.2099609375,18.3700008392334,288.0,128.9499969482422
2024-10-22,185482.15625,55921.67578125,104.08000183105469,5851.2001953125,5190.7099609375,18.200000762939453,292.0,129.25999450683594
2024-10-23,193580.96875,57278.53125,104.43000030517578,5797.419921875,5131.3701171875,19.239999771118164,295.0,129.0500030517578
2024-10-24,195753.796875,54855.58203125,104.05999755859375,5809.85986328125,5157.60986328125,19.079999923706055,293.0,127.4800033569336
2024-10-25,198519.234375,54177.15234375,104.26000213623047,5808.1201171875,5212.830078125,20.329999923706055,289.0,128.39999389648438
2024-10-28,193580.96875,56309.34765625,104.31999969482422,5823.52001953125,5211.669921875,19.799999237060547,282.0,130.9199981689453
2024-10-29,187951.28125,57763.1171875,104.27999877929688,5832.919921875,5332.169921875,19.34000015258789,285.0,131.8699951171875
2024-10-30,192593.28125,57278.53125,103.98999786376953,5813.669921875,5153.490234375,20.350000381469727,280.0,130.8000030517578
2024-10-31,184000.65625,57375.4453125,103.9800033569336,5705.4501953125,4946.75,23.15999984741211,288.0,135.17999267578125
2024-11-01,179951.28125,56503.18359375,104.27999877929688,5728.7998046875,5001.43017578125,21.8799991607666,283.0,132.5800018310547
2024-11-04,191605.640625,56890.859375,103.88999938964844,5712.68994140625,4974.0,21.979999542236328,287.0,136.25
2024-11-05,190815.5,55824.76171875,103.41999816894531,5782.759765625,5057.830078125,20.489999771118164,286.0,130.42999267578125
2024-11-06,193383.421875,55534.0,105.08999633789062,5929.0400390625,5215.56982421875,16.270000457763672,274.0,117.63999938964844
2024-11-07,193383.421875,55534.0,104.51000213623047,5973.10009765625,5333.990234375,15.199999809265137,273.0,104.08000183105469
2024-11-08,198025.40625,55243.24609375,105.0,5995.5400390625,5290.52001953125,14.9399995803833,263.0,99.8499984741211
2024-11-11,190222.90625,53304.88671875,105.54000091552734,6001.35009765625,5156.39013671875,14.970000267028809,263.0,
2024-11-12,183506.84375,51366.53125,106.0199966430664,5983.990234375,5108.64013671875,14.710000038146973,261.0,108.55000305175781
2024-11-13,180642.640625,49040.50390625,106.4800033569336,5985.3798828125,5006.2900390625,14.020000457763672,264.0,102.08000183105469
2024-11-14,170864.828125,48362.07421875,106.66999816894531,5949.169921875,5004.58984375,14.3100004196167,260.0,99.43000030517578
2024-11-15,176000.640625,51851.1171875,106.69000244140625,5870.6201171875,4833.58984375,16.139999389648438,272.0,102.47000122070312
2024-11-18,169580.859375,54952.49609375,106.27999877929688,5893.6201171875,4888.77001953125,15.579999923706055,272.0,102.01000213623047
2024-11-19,168494.4375,54564.828125,106.20999908447266,5916.97998046875,4919.16015625,16.350000381469727,269.0,105.12000274658203
2024-11-20,168494.4375,53595.6484375,106.68000030517578,5917.10986328125,4884.25,17.15999984741211,267.0,106.69000244140625
2024-11-21,166716.640625,54661.74609375,106.97000122070312,5948.7099609375,4963.0498046875,16.8700008392334,261.0,101.9000015258789
2024-11-22,174519.140625,54274.06640625,107.48999786376953,5969.33984375,4955.7998046875,15.239999771118164,261.0,99.13999938964844
2024-11-25,174815.453125,56115.51171875,106.81999969482422,5987.3701171875,4987.919921875,14.600000381469727,264.0,99.95999908447266
2024-11-26,174914.21875,56503.18359375,107.01000213623047,6021.6298828125,4927.56005859375,14.100000381469727,268.0,99.18000030517578
2024-11-27,166222.828125,54564.828125,106.08000183105469,5998.740234375,4853.009765625,14.100000381469727,269.0,97.73999786376953
2024-11-28,159111.703125,53789.48046875,,,,,269.0,
2024-11-29,157926.515625,52529.54296875,105.73999786376953,6032.3798828125,4926.56005859375,13.510000228881836,272.0,95.22000122070312
2024-11-30,,,,,,,274.0,
2024-12-02,156840.078125,51948.03515625,106.44999694824219,6047.14990234375,5055.31982421875,13.34000015258789,268.0,97.80999755859375
2024-12-03,162864.78125,51948.03515625,106.37000274658203,6049.8798828125,5035.85986328125,13.300000190734863,266.0,95.5999984741211
2024-12-04,165926.53125,51463.44921875,106.33999633789062,6086.490234375,5121.77978515625,13.449999809265137,266.0,92.25
2024-12-05,170864.828125,52044.9609375,105.70999908447266,6075.10986328125,5026.3701171875,13.539999961853027,266.0,91.4800033569336
2024-12-06,165037.625,52432.6328125,105.97000122070312,6090.27001953125,5061.2998046875,12.770000457763672,267.0,83.19999694824219
2024-12-09,166815.421875,51754.20703125,106.1500015258789,6052.85009765625,5018.83984375,14.1899995803833,267.0,85.62999725341797
2024-12-10,168296.921875,52335.71484375,106.4000015258789,6034.91015625,4894.7001953125,14.180000305175781,267.0,90.0999984741211
2024-12-11,169679.640625,52335.71484375,106.70999908447266,6084.18994140625,5027.7998046875,13.579999923706055,264.0,82.4000015258789
2024-12-12,173926.5625,54177.15234375,106.95999908447266,6051.25,4982.18994140625,13.920000076293945,266.0,82.66000366210938
2024-12-13,173333.953125,54370.9921875,107.0,6051.08984375,5149.77978515625,13.8100004196167,268.0,85.66000366210938
2024-12-16,177087.078125,53886.3984375,106.86000061035156,6074.080078125,5256.06005859375,14.6899995803833,269.0,90.87999725341797
2024-12-17,181729.046875,52529.54296875,106.95999908447266,6050.60986328125,5169.7900390625,15.869999885559082,275.0,90.41999816894531
2024-12-18,181235.21875,53207.96875,108.02999877929688,5872.16015625,4970.97998046875,27.6200008392334,273.0,87.20999908447266
2024-12-19,172840.140625,51463.44921875,108.41000366210938,5867.080078125,4893.47021484375,24.09000015258789,291.0,90.41000366210938
2024-12-20,166420.359375,51366.53125,107.62000274658203,5930.85009765625,4964.91015625,18.360000610351562,286.0,91.75
2024-12-23,167506.78125,51851.1171875,108.04000091552734,5974.06982421875,5118.75,16.780000686645508,285.0,95.8499984741211
2024-12-24,166420.359375,52723.37890625,108.26000213623047,6040.0400390625,5173.56005859375,14.270000457763672,286.0,96.94999694824219
2024-12-26,168000.609375,51948.03515625,108.12999725341797,6037.58984375,5175.31005859375,14.729999542236328,286.0,95.19999694824219
2024-12-27,172346.296875,52399.83203125,108.0,5970.83984375,5122.97021484375,15.949999809265137,284.0,94.80000305175781
2024-12-30,171753.71875,51911.93359375,108.12999725341797,5906.93994140625,5026.509765625,17.399999618530273,294.0,99.08000183105469
2024-12-31,,,108.48999786376953,5881.6298828125,4979.93017578125,17.350000381469727,292.0,98.80000305175781
2025-01-02,169087.03125,52107.09375,109.38999938964844,5868.5498046875,5021.5,17.93000030517578,288.0,96.66999816894531
2025-01-03,179654.96875,53082.87890625,108.94999694824219,5942.47021484375,5163.64990234375,16.1299991607666,281.0,93.3499984741211
2025-01-06,197334.046875,54546.56640625,108.26000213623047,5975.3798828125,5310.14013671875,16.040000915527344,276.0,97.88999938964844
2025-01-07,192593.28125,54058.671875,108.54000091552734,5909.02978515625,5212.25,17.81999969482422,279.0,102.77999877929688
2025-01-08,192296.984375,55912.66796875,109.08999633789062,5918.25,5162.35009765625,17.700000762939453,284.0,100.76000213623047
2025-01-09,202469.890625,54741.7265625,109.18000030517578,,,,282.0,
2025-01-10,200988.390625,53961.09375,109.6500015258789,5827.0400390625,5037.47021484375,19.540000915527344,281.0,96.56999969482422
2025-01-13,191901.9375,52790.14453125,109.95999908447266,5836.22021484375,5020.0400390625,19.190000534057617,285.0,103.51000213623047
2025-01-14,192593.28125,52594.98828125,109.2699966430664,5842.91015625,5045.9501953125,18.709999084472656,280.0,101.98999786376953
2025-01-15,195753.796875,52399.83203125,109.08999633789062,5949.91015625,5153.669921875,16.1200008392334,272.0,93.0999984741211
2025-01-16,207408.140625,52985.30078125,108.95999908447266,5937.33984375,5162.9599609375,16.600000381469727,273.0,92.72000122070312
2025-01-17,211852.625,52399.83203125,109.3499984741211,5996.66015625,5309.740234375,15.970000267028809,264.0,95.5999984741211
2025-01-20,209383.484375,52107.09375,,,,,264.0,
2025-01-21,215309.421875,52204.66796875,108.05999755859375,6049.240234375,5378.5,15.0600004196167,261.0,96.77999877929688
2025-01-22,222716.875,52985.30078125,108.16999816894531,6086.3701171875,5469.2900390625,15.100000381469727,259.0,89.9000015258789
2025-01-23,216790.90625,52399.83203125,108.05000305175781,6118.7099609375,5444.68994140625,15.020000457763672,261.0,88.51000213623047
2025-01-24,218272.390625,52399.83203125,107.44000244140625,6101.240234375,5341.93994140625,14.850000381469727,260.0,86.75
2025-01-27,,,107.33999633789062,6012.27978515625,4853.240234375,17.899999618530273,266.0,95.05000305175781
2025-01-28,,,107.87000274658203,6067.7001953125,4907.02978515625,16.40999984741211,266.0,92.83000183105469
2025-01-29,,,108.0,6039.31005859375,4918.10009765625,16.559999465942383,268.0,90.7300033569336
2025-01-30,,,107.80000305175781,6071.169921875,5030.52978515625,15.84000015258789,267.0,90.54000091552734
2025-01-31,196741.453125,51131.30078125,108.37000274658203,6040.52978515625,5015.85009765625,16.43000030517578,268.0,91.76000213623047
2025-02-03,188543.890625,49765.19921875,108.98999786376953,5994.56982421875,4924.81005859375,18.6200008392334,273.0,94.1500015258789
2025-02-04,188741.421875,51424.0390625,107.95999908447266,6037.8798828125,4976.58984375,17.209999084472656,271.0,90.27999877929688
2025-02-05,196346.390625,51619.19921875,107.58000183105469,6061.47998046875,5091.5,15.770000457763672,269.0,94.68000030517578
2025-02-06,200988.390625,52692.56640625,107.69000244140625,6083.56982421875,5092.58984375,15.5,266.0,93.9000015258789
2025-02-07,200494.546875,52399.83203125,108.04000091552734,6025.990234375,5009.33984375,16.540000915527344,267.0,93.12999725341797
2025-02-10,195655.046875,54253.82421875,108.31999969482422,6066.43994140625,5082.669921875,15.8100004196167,266.0,87.68000030517578
2025-02-11,197235.28125,54351.40625,107.95999908447266,6068.5,5079.97021484375,16.020000457763672,266.0,85.58000183105469
2025-02-12,196445.15625,54448.984375,107.94000244140625,6051.97021484375,5090.7900390625,15.890000343322754,265.0,86.58000183105469
2025-02-13,205926.65625,54448.984375,107.30999755859375,6115.06982421875,5156.39013671875,15.100000381469727,265.0,84.56999969482422
2025-02-14,207408.140625,54644.140625,106.56999969482422,6114.6298828125,5160.93994140625,14.770000457763672,262.0,84.66999816894531
2025-02-17,209383.484375,54644.140625,,,,,262.0,
2025-02-18,207408.140625,55522.359375,107.05000305175781,6129.580078125,5247.85986328125,15.350000381469727,262.0,84.51000213623047
2025-02-19,215803.25,57278.76953125,107.16999816894531,6144.14990234375,5309.68994140625,15.270000457763672,268.0,83.86000061035156
2025-02-20,209383.484375,56986.03125,106.33999633789062,6117.52001953125,5310.6298828125,15.65999984741211,266.0,86.26000213623047
2025-02-21,206914.328125,56790.875,106.61000061035156,6013.1298828125,5136.58984375,18.209999084472656,278.0,91.83000183105469
2025-02-24,202469.890625,55912.66796875,106.5999984741211,5983.25,5003.5400390625,18.979999542236328,278.0,88.44000244140625
2025-02-25,198025.40625,55815.0859375,106.30999755859375,5955.25,4888.8798828125,19.43000030517578,284.0,96.61000061035156
2025-02-26,200494.546875,55229.61328125,106.41999816894531,5956.06005859375,4990.81982421875,19.100000381469727,281.0,97.5199966430664
2025-02-27,198013.421875,54936.87890625,107.23999786376953,5861.56982421875,4686.75,21.1299991607666,281.0,96.2699966430664
2025-02-28,189067.03125,53180.46484375,107.61000061035156,5954.5,4766.75,19.6299991607666,287.0,104.45999908447266
2025-03-03,,,106.75,5849.72021484375,4575.3701171875,22.780000686645508,294.0,105.6500015258789
2025-03-04,184991.453125,53180.46484375,105.73999786376953,5778.14990234375,4604.509765625,23.510000228881836,299.0,108.87000274658203
2025-03-05,191949.75,52692.56640625,105.73999786376953,5842.6298828125,4700.7900390625,21.93000030517578,288.0,104.31999969482422
2025-03-06,191253.9375,52985.30078125,104.05999755859375,5738.52001953125,4487.85009765625,24.8700008392334,299.0,108.94999694824219
2025-03-07,191253.9375,52399.83203125,103.83999633789062,5770.2001953125,4629.58984375,23.3700008392334,297.0,104.41000366210938
2025-03-10,186780.734375,52399.83203125,103.91000366210938,5614.56005859375,4405.08984375,27.860000610351562,316.0,112.5
2025-03-11,186681.328125,52302.24609375,103.44000244140625,5572.06982421875,4374.06982421875,26.920000076293945,322.0,114.5999984741211
2025-03-12,197715.21875,53570.7734375,103.61000061035156,5599.2998046875,4481.02001953125,24.229999542236328,320.0,104.11000061035156
2025-03-13,198510.4375,53375.6171875,103.83000183105469,5521.52001953125,4453.240234375,24.65999984741211,340.0,106.19000244140625
2025-03-14,203281.84375,53375.6171875,103.72000122070312,5638.93994140625,4598.7900390625,21.770000457763672,325.0,101.01000213623047
2025-03-17,204772.921875,56205.40625,103.37000274658203,5675.1201171875,4663.97021484375,20.510000228881836,318.0,99.77999877929688
2025-03-18,201790.78125,56205.40625,103.23999786376953,5614.66015625,4589.02978515625,21.700000762939453,323.0,96.68000030517578
2025-03-19,204275.90625,57083.609375,103.43000030517578,5675.2900390625,4634.52978515625,19.899999618530273,319.0,91.4000015258789
2025-03-20,208749.078125,58742.453125,103.8499984741211,5662.89013671875,4601.3701171875,19.799999237060547,317.0,95.73999786376953
2025-03-21,214216.34375,60206.1328125,104.08999633789062,5667.56005859375,4557.9501953125,19.280000686645508,321.0,94.54000091552734
2025-03-24,210240.15625,59035.19140625,104.26000213623047,5767.56982421875,4694.22021484375,17.479999542236328,305.0,95.22000122070312
2025-03-25,206761.015625,58352.140625,104.18000030517578,5776.64990234375,4661.33984375,17.149999618530273,309.0,93.56999969482422
2025-03-26,212725.28125,59913.40234375,104.55000305175781,5712.2001953125,4508.740234375,18.329999923706055,319.0,91.41000366210938
2025-03-27,205766.9375,60303.71484375,104.06999969482422,5693.31005859375,4415.25,18.690000534057617,327.0,91.02999877929688
2025-03-28,198112.8125,59091.45703125,104.04000091552734,5580.93994140625,4284.91015625,21.649999618530273,347.0,96.83000183105469
2025-03-31,189564.046875,56735.65234375,104.20999908447266,5611.85009765625,4270.43017578125,22.280000686645508,355.0,101.3499984741211
2025-04-01,195826.515625,57717.2421875,104.26000213623047,5633.06982421875,4282.4599609375,21.770000457763672,350.0,104.7300033569336
2025-04-02,196721.15625,57717.2421875,103.80999755859375,5670.97021484375,4320.75,21.510000228881836,342.0,106.38999938964844
2025-04-03,193440.8125,56539.3359375,102.06999969482422,5396.52001953125,3893.68994140625,30.020000457763672,401.0,112.0
2025-04-04,181114.6875,55066.9609375,103.0199966430664,5074.080078125,3597.659912109375,45.310001373291016,445.0,125.70999908447266
2025-04-07,163818.328125,52220.35546875,103.26000213623047,5062.25,3694.949951171875,46.97999954223633,461.00000000000006,137.3000030517578
2025-04-08,168490.34375,52514.828125,102.95999908447266,4982.77001953125,3562.93994140625,52.33000183105469,457.0,139.8800048828125
2025-04-09,164017.125,52024.04296875,102.9000015258789,5456.89990234375,4230.4501953125,33.619998931884766,437.0,128.8300018310547
2025-04-10,182108.71875,55361.4296875,100.87000274658203,5268.0498046875,3893.300048828125,40.720001220703125,442.0,128.35000610351562
2025-04-11,179723.03125,54183.52734375,99.77999877929688,5363.35986328125,3990.89990234375,37.560001373291016,426.0,137.25999450683594
2025-04-14,179126.609375,55165.11328125,99.63999938964844,5405.97021484375,4003.219970703125,30.889999389648438,413.99999999999994,132.4600067138672
2025-04-15,179524.21875,55557.74609375,100.22000122070312,5396.6298828125,4021.889892578125,30.1200008392334,409.0,122.55999755859375
2025-04-16,172963.515625,53692.734375,99.37999725341797,5275.7001953125,3857.169921875,32.63999938964844,416.0,119.4000015258789
2025-04-17,173957.59375,54085.3671875,99.37999725341797,5282.7001953125,3832.469970703125,29.649999618530273,401.99999999999994,114.63999938964844
2025-04-18,173957.59375,54281.69140625,,,,,,
2025-04-21,175548.046875,54379.84765625,98.27999877929688,5158.2001953125,3751.909912109375,33.81999969482422,416.0,128.55999755859375
2025-04-22,172764.71875,53987.2109375,98.91999816894531,5287.759765625,3832.050048828125,30.56999969482422,399.0,118.3499984741211
2025-04-23,179921.84375,54674.3203125,99.83999633789062,5375.85986328125,3983.919921875,28.450000762939453,375.0,116.5999984741211
2025-04-24,177237.90625,54674.3203125,99.29000091552734,5484.77001953125,4208.18994140625,26.469999313354492,373.0,108.27999877929688
2025-04-25,183301.5625,54674.3203125,99.47000122070312,5525.2099609375,4251.60986328125,24.84000015258789,367.0,105.79000091552734
2025-04-28,180915.890625,54772.48046875,99.01000213623047,5528.75,4235.6201171875,25.149999618530273,373.0,110.01000213623047
2025-04-29,179723.03125,54772.48046875,99.23999786376953,5560.830078125,4196.75,24.170000076293945,374.0,112.2699966430664
2025-04-30,176442.6875,54478.00390625,99.47000122070312,5569.06005859375,4230.08984375,24.700000762939453,394.0,112.4800033569336
2025-05-01,,,100.25,5604.14013671875,4247.66015625,24.600000381469727,378.0,107.33000183105469
2025-05-02,184892.046875,53300.1015625,100.0,5686.669921875,4397.0498046875,22.68000030517578,360.0,101.4000015258789
2025-05-05,,,99.83000183105469,5650.3798828125,4356.18017578125,23.639999389648438,360.0,104.44999694824219
2025-05-06,,,99.23999786376953,5606.91015625,4311.2001953125,24.760000228881836,366.0,106.18000030517578
2025-05-07,189663.484375,53594.58203125,99.61000061035156,5631.27978515625,4386.35986328125,23.549999237060547,367.0,99.87000274658203
2025-05-08,189166.421875,53594.58203125,100.63999938964844,5663.93994140625,4430.43994140625,22.479999542236328,351.0,98.66000366210938
2025-05-09,188967.625,53790.8984375,100.33999633789062,5659.91015625,4466.5,21.899999618530273,353.0,100.4000015258789
2025-05-12,193838.4375,56539.3359375,101.79000091552734,5844.18994140625,4780.93017578125,18.389999389648438,315.0,102.9000015258789
2025-05-13,197317.59375,55852.23046875,101.0,5886.5498046875,4931.35009765625,18.219999313354492,309.0,100.12999725341797
2025-05-14,204772.921875,56343.01953125,101.04000091552734,5892.580078125,4960.72998046875,18.6200008392334,310.0,100.7300033569336
2025-05-15,199305.6875,56244.859375,100.87999725341797,5916.93017578125,4932.4501953125,17.829999923706055,320.0,98.6500015258789
2025-05-16,203281.84375,55754.0703125,101.08999633789062,5958.3798828125,4922.18994140625,17.239999771118164,316.0,96.69999694824219
2025-05-19,198212.234375,54772.48046875,100.43000030517578,5963.60009765625,4897.7099609375,18.139999389648438,321.0,103.80999755859375
2025-05-20,200796.75,54870.640625,100.12000274658203,5940.4599609375,4890.77978515625,18.09000015258789,320.0,101.37000274658203
2025-05-21,199305.6875,54674.3203125,99.55999755859375,5844.60986328125,4802.7099609375,20.8700008392334,325.0,102.0999984741211
2025-05-22,195727.140625,53692.734375,99.95999908447266,5842.009765625,4775.47021484375,20.280000686645508,332.0,99.47000122070312
2025-05-23,198808.65625,53201.9375,99.11000061035156,5802.81982421875,4702.3798828125,22.290000915527344,340.0,100.91000366210938
2025-05-26,201790.78125,53692.734375,98.93000030517578,,,,340.0,
2025-05-27,201293.78125,52907.46875,99.5199966430664,5921.5400390625,4861.08984375,18.959999084472656,324.0,97.93000030517578
2025-05-28,206761.015625,54870.640625,99.87999725341797,5888.5498046875,4834.419921875,19.309999465942383,323.0,93.19999694824219
2025-05-29,211117.796875,55066.9609375,99.27999877929688,5912.169921875,4860.47998046875,19.18000030517578,322.0,92.66999816894531
2025-05-30,203649.015625,55165.11328125,99.33000183105469,5911.68994140625,4758.06005859375,18.56999969482422,331.0,92.11000061035156
2025-05-31,,,,,,,332.0,
2025-06-02,206636.53125,55754.0703125,98.69999694824219,5935.93994140625,4832.7900390625,18.360000610351562,327.0,95.76000213623047
2025-06-03,,,99.25,5970.3701171875,4964.41015625,17.690000534057617,319.0,100.0
2025-06-04,216594.90625,56735.65234375,98.79000091552734,5970.81005859375,5033.35009765625,17.610000610351562,323.0,96.9800033569336
2025-06-05,223565.78125,58011.7109375,98.73999786376953,5939.2998046875,5010.919921875,18.479999542236328,318.0,94.6500015258789
2025-06-06,,,99.19000244140625,6000.35986328125,5038.06005859375,16.770000457763672,309.0,89.6500015258789
2025-06-09,228047.03125,58698.82421875,98.94000244140625,6005.8798828125,5136.66015625,17.15999984741211,312.0,92.62000274658203
2025-06-10,229540.8125,58109.8671875,99.05000305175781,6038.81005859375,5242.5,16.950000762939453,312.0,91.22000122070312
2025-06-11,239001.28125,58796.984375,98.62999725341797,6022.240234375,5232.52978515625,17.260000228881836,312.0,89.36000061035156
2025-06-12,234520.0,58404.34765625,97.91999816894531,6045.259765625,5249.14990234375,18.020000457763672,317.0,88.98999786376953
2025-06-13,234520.0,57226.44921875,98.18000030517578,5976.97021484375,5112.240234375,20.81999969482422,318.0,95.30999755859375
2025-06-16,246967.984375,56146.69921875,98.0,6033.10986328125,5267.2998046875,19.110000610351562,310.0,93.4800033569336
2025-06-17,247963.8125,57030.12890625,98.81999969482422,5982.72021484375,5223.64990234375,21.600000381469727,317.0,97.18000030517578
2025-06-18,245474.21875,58698.82421875,98.91000366210938,5980.8701171875,5251.02001953125,20.139999389648438,316.0,93.63999938964844
2025-06-19,244976.3125,58109.8671875,,,,,316.0,
2025-06-20,255930.53125,58404.34765625,98.70999908447266,5967.83984375,5211.47998046875,20.6200008392334,313.0,90.0999984741211
2025-06-23,258420.125,56931.96875,98.41999816894531,6025.169921875,5244.2998046875,19.829999923706055,312.0,95.02999877929688
2025-06-24,277341.0625,59385.93359375,97.86000061035156,6092.18017578125,5441.8701171875,17.479999542236328,306.0,92.62000274658203
2025-06-25,284809.875,60171.203125,97.68000030517578,6092.16015625,5493.2998046875,16.760000228881836,304.0,91.23999786376953
2025-06-26,291780.75,59091.45703125,97.1500015258789,6141.02001953125,5541.4599609375,16.59000015258789,304.0,89.47000122070312
2025-06-27,282818.15625,60046.4765625,97.4000015258789,6173.06982421875,5544.990234375,16.31999969482422,302.0,87.93000030517578
2025-06-30,290784.90625,59058.8671875,96.87999725341797,6204.9501953125,5546.5400390625,16.729999542236328,296.0,90.26000213623047
2025-07-01,284311.9375,59453.91015625,96.81999969482422,6198.009765625,5507.5,16.829999923706055,291.0,93.4800033569336
2025-07-02,277838.96875,60046.4765625,96.77999877929688,6227.419921875,5611.0498046875,16.639999389648438,288.0,91.37000274658203
2025-07-03,277341.0625,63009.29296875,97.18000030517578,6279.35009765625,5647.1201171875,16.3799991607666,280.0,86.08999633789062
2025-07-04,269374.34375,62515.484375,,,,,280.0,
2025-07-07,269872.25,60935.31640625,97.4800033569336,6229.97998046875,5541.2001953125,17.790000915527344,286.0,88.52999877929688
2025-07-08,280826.5,60639.0390625,97.51000213623047,6225.52001953125,5641.22021484375,16.809999465942383,292.0,88.05000305175781
2025-07-09,279830.6875,59651.43359375,97.47000122070312,6263.259765625,5665.990234375,15.9399995803833,294.0,84.30999755859375
2025-07-10,295764.0625,60244.0,97.6500015258789,6280.4599609375,5708.27978515625,15.779999732971191,292.0,81.58000183105469
2025-07-11,293274.5,61824.16015625,97.8499984741211,6259.75,5696.2900390625,16.399999618530273,297.0,85.4800033569336
2025-07-14,298751.59375,61725.40625,98.08000183105469,6268.56005859375,5646.72021484375,17.200000762939453,295.0,90.7300033569336
2025-07-15,297257.8125,62910.53125,98.62000274658203,6243.759765625,5718.60986328125,17.3799991607666,295.0,88.94999694824219
2025-07-16,294768.25,63898.13671875,98.38999938964844,6263.7001953125,5696.2099609375,17.15999984741211,300.0,89.5199966430664
2025-07-17,268378.5,65873.3515625,98.7300033569336,6297.35986328125,5737.64013671875,16.520000457763672,291.0,85.56999969482422
2025-07-18,267880.625,66268.390625,98.4800033569336,6296.7900390625,5732.6201171875,16.40999984741211,293.0,83.29000091552734
2025-07-21,271366.03125,66959.71875,97.8499984741211,6305.60009765625,5739.419921875,16.649999618530273,289.0,86.62000274658203
2025-07-22,267382.6875,65182.02734375,97.38999938964844,6309.6201171875,5638.7099609375,16.5,290.0,89.88999938964844
2025-07-23,267880.625,65577.078125,97.20999908447266,6358.91015625,5637.7900390625,15.369999885559082,283.0,85.94999694824219
2025-07-24,268378.5,65182.02734375,97.37999725341797,6363.35009765625,5644.3701171875,15.390000343322754,282.0,82.75
2025-07-25,264893.0625,65083.2734375,97.6500015258789,6388.64013671875,5645.85986328125,14.930000305175781,284.0,82.08999633789062
2025-07-28,260909.734375,69527.5,98.66000366210938,6389.77001953125,5737.10009765625,15.029999732971191,282.0,83.7300033569336
2025-07-29,261407.640625,69725.0234375,98.91000366210938,6370.85986328125,5739.7900390625,15.979999542236328,286.0,85.06999969482422
2025-07-30,262403.46875,71700.2265625,99.94000244140625,6362.89990234375,5787.31982421875,15.479999542236328,289.0,81.87999725341797
2025-07-31,272361.875,70515.109375,100.02999877929688,6339.39013671875,5607.919921875,16.719999313354492,286.0,79.83999633789062
2025-08-01,256926.375,68046.09375,98.69000244140625,6238.009765625,5527.60986328125,20.3799991607666,313.0,83.83000183105469
2025-08-04,256926.375,68836.171875,98.77999877929688,6329.93994140625,5624.41015625,17.520000457763672,302.0,87.94999694824219
2025-08-05,262403.46875,69033.6953125,98.77999877929688,6299.18994140625,5561.68994140625,17.850000381469727,298.0,89.19999694824219
2025-08-06,257424.296875,67947.328125,98.18000030517578,6345.06005859375,5550.2998046875,16.770000457763672,298.0,83.88999938964844
2025-08-07,260909.734375,69626.2578125,98.4000015258789,6340.0,5633.7001953125,16.56999969482422,295.0,80.1500015258789
2025-08-08,255432.609375,70910.1484375,98.18000030517578,6389.4501953125,5678.02001953125,15.149999618530273,294.0,79.19999694824219
2025-08-11,265888.9375,70120.0546875,98.5199966430664,6373.4501953125,5670.3701171875,16.25,294.0,81.76000213623047
2025-08-12,267880.625,70218.8203125,98.0999984741211,6445.759765625,5840.08984375,14.729999542236328,293.0,77.41999816894531
2025-08-13,276843.125,71008.90625,97.83999633789062,6466.580078125,5892.60986328125,14.489999771118164,290.0,77.30999755859375
2025-08-14,275349.40625,70712.625,98.25,6468.5400390625,5885.490234375,14.829999923706055,289.0,76.7699966430664
2025-08-15,,,97.8499984741211,6449.7998046875,5752.740234375,15.09000015258789,288.0,76.66000366210938
2025-08-18,266386.84375,69132.453125,98.16999816894531,6449.14990234375,5776.31005859375,14.989999771118164,288.0,81.81999969482422
2025-08-19,261905.546875,69132.453125,98.2699966430664,6411.3701171875,5671.509765625,15.569999694824219,290.0,82.1500015258789
2025-08-20,254436.78125,69626.2578125,98.22000122070312,6395.77978515625,5630.81982421875,15.6899995803833,294.0,80.75
2025-08-21,243980.46875,69725.0234375,98.62000274658203,6370.169921875,5603.259765625,16.600000381469727,295.0,80.5199966430664
2025-08-22,249955.5,70515.109375,97.72000122070312,6466.91015625,5754.4599609375,14.220000267028809,288.0,78.0999984741211
2025-08-25,258420.125,70613.859375,98.43000030517578,6439.31982421875,5756.2998046875,14.789999961853027,280.0,77.55999755859375
2025-08-26,260411.8125,69428.734375,98.2300033569336,6465.93994140625,5807.919921875,14.619999885559082,278.0,79.36000061035156
2025-08-27,258918.046875,69725.0234375,98.2300033569336,6481.39990234375,5824.60986328125,14.850000381469727,278.0,77.66000366210938
2025-08-28,267768.875,68737.4140625,97.80999755859375,6501.85986328125,5853.0498046875,14.430000305175781,275.0,77.55000305175781
2025-08-29,268267.53125,68836.171875,97.7699966430664,6460.259765625,5668.93994140625,15.359999656677246,282.0,79.38999938964844
2025-08-31,,,,,,,284.0,
2025-09-01,255302.921875,66762.1953125,,,,,284.0,
2025-09-02,259790.671875,68243.6171875,98.4000015258789,6415.5400390625,5605.4599609375,17.170000076293945,292.0,85.27999877929688
2025-09-03,261785.234375,68934.9296875,98.13999938964844,6448.259765625,5592.81982421875,16.350000381469727,288.0,89.66999816894531
2025-09-04,264777.0625,69231.2109375,98.3499984741211,6502.080078125,5667.85986328125,15.300000190734863,284.0,88.26000213623047
2025-09-05,272755.28125,68638.6484375,97.7699966430664,6481.5,5761.39990234375,15.180000305175781,283.0,85.29000091552734
2025-09-08,276245.75,69231.2109375,97.44999694824219,6495.14990234375,5809.60986328125,15.109999656677246,284.0,84.0
2025-09-09,287215.78125,70613.859375,97.79000091552734,6512.60986328125,5819.830078125,15.039999961853027,287.0,82.19999694824219
2025-09-10,303172.25,71700.2265625,97.77999877929688,6532.0400390625,5958.08984375,15.350000381469727,284.0,79.58000183105469
2025-09-11,306164.0625,72490.3203125,97.54000091552734,6587.47021484375,5995.39013671875,14.710000038146973,278.0,75.06999969482422
2025-09-12,327605.5,74465.53125,97.55000305175781,6584.2900390625,6001.740234375,14.760000228881836,279.0,73.37000274658203
2025-09-15,330098.6875,75551.890625,97.30000305175781,6615.27978515625,6059.830078125,15.6899995803833,275.0,76.87999725341797
2025-09-16,347052.40625,78415.9609375,96.62999725341797,6606.759765625,6079.22021484375,16.360000610351562,279.0,77.08999633789062
2025-09-17,332591.90625,77230.8203125,96.87000274658203,6600.35009765625,6060.22021484375,15.720000267028809,279.0,75.94999694824219
2025-09-18,354532.0,79304.8046875,97.3499984741211,6631.9599609375,6278.16015625,15.699999809265137,271.0,71.91000366210938
2025-09-19,,,97.63999938964844,6664.35986328125,6232.25,15.449999809265137,272.0,72.51000213623047
2025-09-22,350044.25,82465.140625,97.33000183105469,6693.75,6330.1201171875,16.100000381469727,269.0,75.80000305175781
2025-09-23,360017.03125,83650.2578125,97.26000213623047,6656.919921875,6308.2099609375,16.639999389648438,271.0,75.66000366210938
2025-09-24,356526.53125,84341.59375,97.87000274658203,6637.97021484375,6297.0,16.18000030517578,270.0,75.12999725341797
2025-09-25,355529.28125,85032.9140625,98.55000305175781,6604.72021484375,6284.669921875,16.739999771118164,276.0,75.44000244140625
2025-09-26,335583.71875,82267.609375,98.1500015258789,6643.7001953125,6305.0498046875,15.289999961853027,275.0,74.37999725341797
2025-09-29,348049.6875,83527.4765625,97.91000366210938,6661.2099609375,6315.10986328125,16.1200008392334,274.0,75.51000213623047
2025-09-30,346553.78125,83229.875,97.7699966430664,6688.4599609375,6369.81982421875,16.280000686645508,280.0,77.93000030517578
2025-10-01,359019.75,85313.1015625,97.70999908447266,6711.2001953125,6500.27978515625,16.290000915527344,281.0,73.5
2025-10-02,394423.09375,89033.1484375,97.8499984741211,6715.35009765625,6626.3798828125,16.6299991607666,281.0,71.20999908447266
2025-10-03,,,97.72000122070312,6715.7900390625,6583.740234375,16.649999618530273,280.0,69.52999877929688
2025-10-06,,,98.11000061035156,6740.27978515625,6774.06005859375,16.3700008392334,276.0,72.98999786376953
2025-10-07,,,98.58000183105469,6714.58984375,6634.759765625,17.239999771118164,282.0,75.43000030517578
2025-10-08,,,98.8499984741211,6753.72021484375,6860.2001953125,16.299999237060547,284.0,74.87000274658203
2025-10-09,,,99.54000091552734,6735.10986328125,6840.2001953125,16.43000030517578,295.0,74.12000274658203
2025-10-10,426834.5625,93646.0078125,98.9800033569336,6552.509765625,6407.60009765625,21.65999984741211,318.0,81.6500015258789
2025-10-13,413869.96875,92554.796875,99.2699966430664,6654.72021484375,6723.47021484375,19.030000686645508,318.0,
2025-10-14,410379.5,90868.3671875,99.05000305175781,6644.31005859375,6570.330078125,20.809999465942383,311.0,79.94999694824219
2025-10-15,421349.5625,94241.21875,98.79000091552734,6671.06005859375,6767.06005859375,20.639999389648438,295.0,75.11000061035156
2025-10-16,451267.875,96919.6484375,98.38999938964844,6629.06982421875,6800.02001953125,25.309999465942383,304.0,81.2300033569336
2025-10-17,464232.46875,97118.0546875,98.43000030517578,6664.009765625,6777.97998046875,20.780000686645508,304.0,78.62000274658203
2025-10-20,484178.03125,97316.453125,98.58999633789062,6735.1298828125,6885.02978515625,18.229999542236328,299.0,77.22000122070312
2025-10-21,477695.6875,96721.2421875,98.93000030517578,6735.35009765625,6839.27001953125,17.8700008392334,297.0,77.18000030517578
2025-10-22,480188.90625,97812.453125,98.9000015258789,6699.39990234375,6677.56982421875,18.600000381469727,301.0,75.48999786376953
2025-10-23,477197.0625,95729.234375,98.94000244140625,6738.43994140625,6847.39013671875,17.299999237060547,296.0,74.05000305175781
2025-10-24,508611.28125,98010.859375,98.94999694824219,6791.68994140625,6976.93994140625,16.3700008392334,288.0,68.94000244140625
2025-10-27,533543.1875,101185.3046875,98.77999877929688,6875.16015625,7167.97998046875,15.789999961853027,280.0,66.87000274658203
2025-10-28,519581.34375,98705.2734375,98.69000244140625,6890.89013671875,7194.7099609375,16.420000076293945,282.0,67.30000305175781
2025-10-29,556480.5625,99697.2890625,99.22000122070312,6890.58984375,7327.93017578125,16.920000076293945,276.0,65.75
2025-10-30,566453.375,103268.5390625,99.52999877929688,6822.33984375,7216.0,16.90999984741211,285.0,66.87999725341797
2025-10-31,557477.875,106641.375,99.80000305175781,6840.2001953125,7228.66015625,17.440000534057617,294.0,66.61000061035156
2025-11-03,618311.75,110212.625,99.87000274658203,6851.97021484375,7270.97021484375,17.170000076293945,304.0,67.2300033569336
2025-11-04,584404.3125,104062.1484375,100.22000122070312,6771.5498046875,6979.56982421875,19.0,313.0,68.0199966430664
2025-11-05,577423.375,99796.484375,100.19999694824219,6796.2900390625,7190.27001953125,18.010000228881836,305.0,72.41999816894531
2025-11-06,591385.3125,98407.671875,99.7300033569336,6720.31982421875,7018.39013671875,19.5,313.0,72.44000244140625
2025-11-07,578420.6875,97118.0546875,99.5999984741211,6728.7998046875,6947.35986328125,19.079999923706055,315.0,74.41000366210938
2025-11-10,604349.875,99796.484375,99.62000274658203,6832.43017578125,7156.9501953125,17.600000381469727,302.0,78.86000061035156
2025-11-11,617314.4375,102673.328125,99.45999908447266,6846.60986328125,6979.7001953125,17.280000686645508,302.0,
2025-11-12,615319.875,102276.515625,99.4800033569336,6850.919921875,7082.1298828125,17.510000228881836,302.0,81.12000274658203
2025-11-13,610333.5625,101978.9140625,99.18000030517578,6737.490234375,6818.740234375,20.0,309.0,79.0999984741211
2025-11-14,558475.125,96423.640625,99.2699966430664,6734.10986328125,6811.2001953125,19.829999923706055,307.0,79.70999908447266
2025-11-17,604349.875,99796.484375,99.58999633789062,6672.41015625,6705.740234375,22.3799991607666,313.0,82.58000183105469
2025-11-18,568447.875,97018.8515625,99.55000305175781,6617.31982421875,6551.02978515625,24.690000534057617,320.0,83.18000030517578
2025-11-19,560469.75,95729.234375,100.2300033569336,6642.16015625,6670.02978515625,23.65999984741211,317.0,84.31999969482422
2025-11-20,569445.25,99796.484375,100.16000366210938,6538.759765625,6352.06982421875,26.420000076293945,317.0,77.80999755859375
2025-11-21,519581.34375,94042.8125,100.18000030517578,6602.990234375,6406.43017578125,23.43000030517578,319.0,78.80999755859375
2025-11-24,518584.0625,95927.640625,100.13999938964844,6705.1201171875,6703.2001953125,20.520000457763672,315.0,76.81999969482422
2025-11-25,517586.78125,98506.8671875,99.66000366210938,6765.8798828125,6714.18017578125,18.559999465942383,310.0,72.81999969482422
2025-11-26,522573.1875,101978.9140625,99.5999984741211,6812.60986328125,6899.4599609375,17.190000534057617,300.0,71.9000015258789
2025-11-27,542907.25,102673.328125,,,,,300.0,
2025-11-28,528935.375,99697.2890625,99.45999908447266,6849.08984375,7025.14990234375,16.350000381469727,295.0,68.94999694824219
2025-11-30,,,,,,,292.0,
2025-12-01,536919.3125,99994.890625,99.41000366210938,6812.6298828125,7020.52978515625,17.239999771118164,294.0,71.3499984741211
2025-12-02,556879.125,102574.125,99.36000061035156,6829.3701171875,7149.47021484375,16.59000015258789,292.0,69.91000366210938
2025-12-03,550891.1875,103665.3359375,98.8499984741211,6849.72021484375,7280.509765625,16.079999923706055,289.0,66.45999908447266
2025-12-04,540911.25,104260.546875,98.98999786376953,6857.1201171875,7215.97021484375,15.779999732971191,288.0,65.69000244140625
2025-12-05,542907.25,107534.1796875,98.98999786376953,6870.39990234375,7294.83984375,15.40999984741211,285.0,67.27999877929688
2025-12-08,575840.9375,108625.3984375,99.08999633789062,6846.509765625,7375.22021484375,16.65999984741211,289.0,72.30000305175781
2025-12-09,564863.0625,107534.1796875,99.22000122070312,6840.509765625,7372.509765625,16.93000030517578,289.0,75.37999725341797
2025-12-10,585820.875,107137.3828125,98.79000091552734,6886.68017578125,7467.490234375,15.770000457763672,291.0,68.62000274658203
2025-12-11,563865.125,106442.96875,98.3499984741211,6901.0,7411.47998046875,14.850000381469727,288.0,69.23999786376953
2025-12-12,569853.0625,108030.1953125,98.4000015258789,6827.41015625,7033.56982421875,15.739999771118164,291.0,69.25
2025-12-15,552887.1875,103962.9375,98.1500015258789,6816.509765625,6990.41015625,16.5,291.0,73.30999755859375
2025-12-16,528935.375,101978.9140625,98.1500015258789,6800.259765625,6958.43994140625,16.479999542236328,298.0,67.13999938964844
2025-12-17,549893.1875,107038.1796875,98.37000274658203,6721.43017578125,6695.31005859375,17.6200008392334,299.0,62.7400016784668
2025-12-18,550891.1875,106740.578125,98.43000030517578,6774.759765625,6863.6298828125,16.8700008392334,295.0,60.0099983215332
2025-12-19,545901.25,105450.9609375,98.5999984741211,6834.5,7067.8701171875,14.90999984741211,290.0,59.40999984741211
2025-12-22,578834.9375,109617.4140625,98.29000091552734,6878.490234375,7145.56982421875,14.079999923706055,288.0,61.70000076293945
2025-12-23,582826.9375,110609.4296875,97.94000244140625,6909.7900390625,7184.5400390625,14.0,283.0,61.16999816894531
2025-12-24,586818.875,110212.625,97.9800033569336,6932.0498046875,7204.3701171875,13.470000267028809,284.0,59.47999954223633
2025-12-26,597796.8125,116065.4921875,98.0199966430664,6929.93994140625,7207.64013671875,13.600000381469727,286.0,58.5
2025-12-29,638714.4375,119121.8046875,98.04000091552734,6905.740234375,7178.27001953125,14.199999809265137,287.0,59.209999084472656
2025-12-30,649692.375,119520.53125,98.23999786376953,6896.240234375,7169.10009765625,14.329999923706055,284.0,63.97999954223633
2025-12-31,,,98.27999877929688,6845.5,7083.1298828125,14.949999809265137,281.0,63.959999084472656
2026-01-02,675640.0625,128093.3125,98.41999816894531,6858.47021484375,7367.47021484375,14.510000228881836,283.0,62.36000061035156
2026-01-05,694601.9375,137662.9375,98.2699966430664,6902.0498046875,7446.4501953125,14.899999618530273,281.0,64.70999908447266
2026-01-06,724541.6875,138460.390625,98.58000183105469,6944.81982421875,7650.93017578125,14.75,279.0,65.81999969482422
2026-01-07,740509.5,140553.765625,98.68000030517578,6920.93017578125,7574.8701171875,15.380000114440918,279.0,66.1500015258789
2026-01-08,754481.4375,138360.703125,98.93000030517578,6921.4599609375,7436.10009765625,15.449999809265137,276.0,66.94000244140625
2026-01-09,742505.5,138560.078125,99.12999725341797,6966.27978515625,7638.77978515625,14.489999771118164,274.0,61.54999923706055
2026-01-12,747495.4375,138360.703125,98.86000061035156,6977.27001953125,7674.83984375,15.119999885559082,274.0,62.900001525878906
2026-01-13,736517.5625,137164.515625,99.12999725341797,6963.740234375,7747.990234375,15.979999542236328,275.0,60.790000915527344
2026-01-14,740509.5,139855.96875,99.12999725341797,6926.60009765625,7701.47021484375,16.75,276.0,58.11000061035156
2026-01-15,747495.4375,143444.578125,99.31999969482422,6944.47021484375,7837.2998046875,15.84000015258789,271.0,56.13999938964844
2026-01-16,754481.4375,148428.75,99.38999938964844,6940.009765625,7927.41015625,15.859999656677246,265.0,58.04999923706055
2026-01-19,762465.3125,148827.484375,,,,,265.0,
2026-01-20,741507.5,144740.453125,98.63999938964844,6796.85986328125,7794.18994140625,20.09000015258789,273.0,66.66999816894531
2026-01-21,738513.5,149026.859375,98.76000213623047,6875.6201171875,8042.06982421875,16.899999618530273,269.0,59.560001373291016
2026-01-22,753483.375,151818.0,98.36000061035156,6913.35009765625,8055.169921875,15.640000343322754,264.0,56.5
2026-01-23,765459.3125,151618.625,97.5999984741211,6915.60986328125,7957.93017578125,16.09000015258789,268.0,56.25
2026-01-26,734521.5625,151618.625,97.04000091552734,6950.22998046875,7927.0400390625,16.149999618530273,269.0,55.77000045776367
2026-01-27,798393.0,158995.203125,96.22000122070312,6978.60009765625,8117.18017578125,16.350000381469727,271.0,56.119998931884766
2026-01-28,839310.625,161886.03125,96.44999694824219,6978.02978515625,8306.740234375,16.350000381469727,272.0,57.43000030517578
2026-01-29,859270.5,160191.40625,96.27999877929688,6969.009765625,8320.3896484375,16.8799991607666,277.0,60.72999954223633
2026-01-30,907174.0625,159992.046875,96.98999786376953,6939.02978515625,7998.47021484375,17.440000534057617,280.0,59.20000076293945
2026-01-31,,,,,,,288.0,
2026-02-02,828332.75,149924.0,97.61000061035156,6976.43994140625,8134.490234375,16.34000015258789,281.0,59.29999923706055
2026-02-03,905178.125,166969.875,97.44000244140625,6917.81005859375,7966.330078125,18.0,285.0,57.540000915527344
2026-02-04,898192.125,168564.828125,97.62000274658203,6882.72021484375,7619.16015625,18.639999389648438,286.0,57.5099983215332
2026-02-05,840308.6875,158795.828125,97.81999969482422,6798.39990234375,7614.64013671875,21.770000457763672,297.0,62.15999984741211
2026-02-06,837314.6875,158098.046875,97.62999725341797,6932.2998046875,8048.6201171875,20.3700008392334,287.0,63.619998931884766
2026-02-09,885218.25,165873.359375,96.81999969482422,6964.81982421875,8162.580078125,17.360000610351562,284.0,62.7400016784668
2026-02-10,874240.375,165275.265625,96.80000305175781,6941.81005859375,8107.1298828125,17.790000915527344,286.0,64.55000305175781
2026-02-11,858272.4375,167268.9375,96.83000183105469,6941.47021484375,8291.8603515625,17.649999618530273,284.0,61.349998474121094
2026-02-12,886216.25,178034.75,96.93000030517578,6832.759765625,8084.7001953125,20.81999969482422,292.0,68.56999969482422
2026-02-13,878232.3125,180626.515625,96.87999725341797,6836.169921875,8137.85986328125,20.600000381469727,295.0,70.0999984741211
2026-02-16,,,,,,,294.0,
2026-02-17,,,97.16000366210938,6843.22021484375,8136.0498046875,20.290000915527344,294.0,68.83999633789062
2026-02-18,,,97.69999694824219,6881.31005859375,8214.349609375,19.6200008392334,286.0,64.19000244140625
2026-02-19,892204.1875,189398.671875,97.93000030517578,6861.89013671875,8173.2998046875,20.229999542236328,288.0,68.02999877929688
2026-02-20,947093.6875,189498.359375,97.80000305175781,6909.509765625,8260.419921875,19.09000015258789,286.0,64.2699966430664
2026-02-23,949089.6875,192389.171875,97.69999694824219,6837.75,8213.4599609375,21.010000228881836,295.0,68.02999877929688
2026-02-24,1002981.25,199367.015625,97.87999725341797,6890.06982421875,8332.33984375,19.549999237060547,297.0,65.2699966430664
2026-02-25,1015955.125,202855.9375,97.69999694824219,6946.1298828125,8467.4296875,17.93000030517578,294.0,62.43000030517578
2026-02-26,1098816.25,217310.0625,97.79000091552734,6908.85986328125,8197.259765625,18.6299991607666,298.0,63.93000030517578
2026-02-27,1060822.625,215814.8125,97.61000061035156,6878.8798828125,8098.3701171875,19.860000610351562,310.0,73.37999725341797
2026-02-28,,,,,,,312.0,
2026-03-02,,,98.37999725341797,6881.6201171875,8137.35986328125,21.440000534057617,303.0,73.20999908447266
2026-03-03,938843.0,194482.53125,99.05000305175781,6816.6298828125,7764.8798828125,23.56999969482422,308.0,77.75
2026-03-04,848858.0625,171655.0,98.7699966430664,6869.5,7914.47998046875,21.149999618530273,297.0,70.02999877929688
2026-03-05,940842.6875,190993.609375,99.31999969482422,6830.7099609375,7821.759765625,23.75,300.0,74.52999877929688
2026-03-06,923845.5,187604.375,98.98999786376953,6740.02001953125,7514.740234375,29.489999771118164,313.0,81.26000213623047
2026-03-09,835860.25,172950.890625,99.18000030517578,6795.990234375,7810.39990234375,25.5,319.0,79.73999786376953
2026-03-10,937843.1875,187305.328125,98.83000183105469,6781.47998046875,7865.1201171875,24.93000030517578,306.0,76.33000183105469
2026-03-11,954840.3125,189398.671875,99.2300033569336,6775.7998046875,7914.56982421875,24.229999542236328,309.0,78.58999633789062
2026-03-12,929844.5,187305.328125,99.73999786376953,6672.6201171875,7643.169921875,27.290000915527344,317.0,95.30000305175781
2026-03-13,909847.875,182919.234375,100.36000061035156,6632.18994140625,7646.64013671875,27.190000534057617,328.0,91.16999816894531
2026-03-16,973837.125,188102.796875,99.70999908447266,6699.3798828125,7796.240234375,23.510000228881836,327.0,85.25
2026-03-17,969837.8125,193286.328125,99.58000183105469,6716.08984375,7836.830078125,22.3700008392334,322.0,79.2300033569336
2026-03-18,1055823.5,207840.109375,100.08999633789062,6624.7001953125,7795.1298828125,25.09000015258789,320.0,81.25
2026-03-19,1012830.625,199865.4375,99.2300033569336,6606.490234375,7863.2998046875,24.059999465942383,327.0,84.87999725341797
2026-03-20,1006831.625,198768.921875,99.6500015258789,6506.47998046875,7670.60986328125,26.780000686645508,324.0,108.83999633789062
2026-03-23,932844.0,185710.375,98.94999694824219,6581.0,7773.1298828125,26.149999618530273,319.0,98.1500015258789
2026-03-24,985835.125,189099.625,99.43000030517578,6556.3701171875,7872.7099609375,26.950000762939453,319.0,103.01000213623047
2026-03-25,994833.625,188401.828125,99.5999984741211,6591.89990234375,7967.75,25.329999923706055,317.0,97.58999633789062
2026-03-26,932844.0,179530.015625,99.9000015258789,6477.16015625,7585.8701171875,27.440000534057617,321.0,115.0199966430664
2026-03-27,932844.0,179530.015625,100.1500015258789,6368.85009765625,7457.669921875,31.049999237060547,342.0,111.94999694824219
2026-03-30,872854.0625,176105.78125,100.51000213623047,6343.72021484375,7142.330078125,30.610000610351562,346.0,108.33000183105469
2026-03-31,806865.0625,167015.8125,99.95999908447266,6528.52001953125,7588.2001953125,25.25,328.0,96.05000305175781
2026-04-01,896850.0,189441.078125,99.6500015258789,6575.31982421875,7802.31005859375,24.540000915527344,316.0,90.19000244140625
2026-04-02,829861.25,178203.46875,100.02999877929688,6582.68994140625,7833.39013671875,23.8700008392334,317.0,84.41000366210938
2026-04-03,875853.5625,185994.875,,,,,313.0,
2026-04-06,885851.875,192887.28125,99.9800033569336,6611.830078125,7916.10986328125,24.170000076293945,305.0,81.68000030517578
2026-04-07,915846.875,196283.53125,99.63999938964844,6616.85009765625,8003.8701171875,25.780000686645508,312.0,83.1500015258789
2026-04-08,1032827.3125,210268.109375,99.12999725341797,6782.81005859375,8510.919921875,21.040000915527344,294.0,78.73999786376953
2026-04-09,997833.125,203775.265625,98.81999969482422,6824.66015625,8689.5302734375,19.489999771118164,290.0,74.01000213623047
2026-04-10,1026828.3125,205773.0625,98.6500015258789,6816.89013671875,8889.830078125,19.229999542236328,294.0,72.1500015258789
2026-04-13,1039826.125,200778.578125,98.37000274658203,6886.240234375,9039.51953125,19.1200008392334,295.0,74.41999816894531
2026-04-14,1102815.625,206272.515625,98.12000274658203,6967.3798828125,9224.1201171875,18.360000610351562,284.0,74.3499984741211
2026-04-15,1135810.125,210767.5625,98.05999755859375,7022.9501953125,9239.2900390625,18.170000076293945,285.0,67.94000244140625
2026-04-16,1154806.875,217260.40625,98.22000122070312,7041.27978515625,9329.349609375,17.940000534057617,286.0,65.88999938964844
2026-04-17,1127811.375,215762.046875,98.0999984741211,7126.06005859375,9555.8798828125,17.479999542236328,283.0,65.69999694824219
2026-04-20,1165805.0,214263.703125,98.05000305175781,7109.14013671875,9599.2099609375,18.8700008392334,287.0,67.9000015258789
2026-04-21,1223795.375,218758.75,98.41000366210938,7064.009765625,9647.2099609375,19.5,285.0,70.77999877929688
2026-04-22,1222795.5,217260.40625,98.58999633789062,7137.89990234375,9909.26953125,18.920000076293945,284.0,69.87999725341797
2026-04-23,1224795.25,224252.6875,98.80000305175781,7108.39990234375,10078.5703125,19.309999465942383,286.0,67.69999694824219
2026-04-24,1221795.75,219258.203125,98.51000213623047,7165.080078125,10513.66015625,18.709999084472656,286.0,66.97000122070312
2026-04-27,1291784.0,224252.6875,98.4800033569336,7173.91015625,10408.0400390625,18.020000457763672,284.0,68.41999816894531
2026-04-28,1299782.625,221755.4375,98.62000274658203,7138.7998046875,10035.580078125,17.829999923706055,285.0,68.68000030517578
2026-04-29,1292783.875,225751.03125,98.91999816894531,7135.9501953125,10271.2998046875,18.809999465942383,282.0,74.33000183105469
2026-04-30,1285785.0,220257.09375,98.08000183105469,7209.009765625,10503.7001953125,16.889999389648438,283.0,72.06999969482422
2026-05-01,,,98.20999908447266,7230.1201171875,10595.33984375,16.989999771118164,277.0,70.41000366210938
2026-05-04,1446758.125,232243.875,98.47000122070312,7200.75,10534.66015625,18.290000915527344,278.0,77.86000061035156
2026-05-05,,,98.4800033569336,7259.22021484375,10980.580078125,17.3799991607666,277.0,76.77999877929688
2026-05-06,1600732.375,265706.96875,98.0199966430664,7365.1201171875,11472.75,17.389999389648438,275.0,70.62999725341797
2026-05-07,1653723.5,271200.90625,98.25,7337.10986328125,11160.990234375,17.079999923706055,279.0,72.23999786376953
2026-05-08,1685718.125,268204.21875,97.83999633789062,7398.93017578125,11775.5,17.190000534057617,281.0,67.25
2026-05-11,1879685.625,285185.5,97.94000244140625,7412.83984375,12081.0400390625,18.3799991607666,279.0,70.73999786376953
2026-05-12,1834693.25,278692.65625,98.29000091552734,7400.9599609375,11717.259765625,17.989999771118164,282.0,71.68000030517578
2026-05-13,1975669.625,283687.15625,98.4800033569336,7444.25,12017.98046875,17.8700008392334,282.0,70.23999786376953
2026-05-14,1969670.625,295673.9375,98.87999725341797,7501.240234375,12073.7802734375,17.260000228881836,276.0,69.62999725341797
2026-05-15,1818695.875,270202.0,99.2699966430664,7408.5,11588.4599609375,18.43000030517578,280.0,79.87000274658203
2026-05-18,1839692.375,280690.4375,98.97000122070312,7403.0498046875,11302.51953125,17.81999969482422,283.0,86.06999969482422
2026-05-19,1744708.25,275196.5,99.30000305175781,7353.60986328125,11305.5,18.059999465942383,286.0,85.31999969482422
2026-05-20,1744708.25,275695.96875,99.11000061035156,7432.97021484375,11813.2900390625,17.440000534057617,280.0,81.52999877929688
2026-05-21,1939675.625,299170.0625,99.19000244140625,7445.72021484375,11964.080078125,16.760000228881836,278.0,79.72000122070312
2026-05-22,1940675.5,292177.78125,99.31999969482422,7473.47021484375,12202.5400390625,16.700000762939453,274.0,78.43000030517578
2026-05-25,,,,,,16.59000015258789,274.0,
2026-05-26,2051656.875,298670.625,99.16999816894531,7519.1201171875,12876.91015625,17.010000228881836,272.0,74.94999694824219
2026-05-27,2242625.0,306661.8125,99.20999908447266,7520.35986328125,12702.1904296875,16.290000915527344,271.0,70.9000015258789
2026-05-28,2289000.0,299170.0625,99.0199966430664,7563.6298828125,12829.1396484375,15.739999771118164,272.0,69.73999786376953
2026-05-29,2333000.0,316650.78125,98.91000366210938,7580.06005859375,12829.3798828125,15.319999694824219,272.0,70.22000122070312
2026-05-31,,,,,,,274.0,
2026-06-01,2363000.0,348615.53125,99.19999694824219,7599.9599609375,12965.650390625,16.049999237060547,272.0,73.33000183105469
2026-06-02,2360000.0,360102.875,99.22000122070312,7609.77978515625,13726.26953125,15.770000457763672,271.0,73.43000030517578
2026-06-03,,,99.52999877929688,7553.68017578125,13916.9599609375,16.059999465942383,275.0,73.58000183105469
2026-06-04,2298000.0,351112.78125,99.41000366210938,7584.31005859375,13617.5,15.399999618530273,274.0,71.16000366210938
2026-06-05,2070000.0,328637.5625,100.06999969482422,7383.740234375,12220.759765625,21.510000228881836,276.0,75.19999694824219
2026-06-08,1911000.0,295174.46875,100.05000305175781,7405.72998046875,12906.6904296875,18.920000076293945,275.0,76.9800033569336
2026-06-09,2215000.0,321645.28125,99.91000366210938,7386.64990234375,12657.8095703125,19.8700008392334,278.0,77.02999877929688
2026-06-10,2048000.0,302166.75,99.94999694824219,7266.990234375,12206.4599609375,22.219999313354492,280.0,73.94999694824219
2026-06-11,2101000.0,298670.625,99.86000061035156,7394.2998046875,13171.4404296875,19.440000534057617,278.0,69.44999694824219
2026-06-12,2150000.0,322144.71875,99.75,7431.4599609375,13371.4697265625,17.68000030517578,271.0,69.36000061035156
2026-06-15,2288000.0,336628.75,99.62999725341797,7554.2900390625,14099.6201171875,16.200000762939453,266.0,69.37999725341797
2026-06-16,2382000.0,342622.15625,99.54000091552734,7511.35009765625,13294.2197265625,16.40999984741211,271.0,67.27999877929688
2026-06-17,2521000.0,346118.28125,100.08999633789062,7420.10009765625,13477.0703125,18.440000534057617,263.0,70.66000366210938
2026-06-18,2685000.0,362100.65625,100.8499984741211,7500.580078125,14341.7802734375,16.399999618530273,266.0,65.38999938964844
2026-06-19,2764000.0,353610.03125,,,,,266.0,
2026-06-22,2919000.0,353110.59375,101.0199966430664,7472.7900390625,14634.7197265625,17.280000686645508,265.0,70.0199966430664
2026-06-23,2555000.0,309658.5,101.41000366210938,7365.4599609375,13482.509765625,19.489999771118164,271.0,68.77999877929688
2026-06-24,2621000.0,340124.90625,101.61000061035156,7358.22021484375,13458.2001953125,18.6299991607666,276.0,69.05999755859375
2026-06-25,2917000.0,358105.0625,101.43000030517578,7357.490234375,13940.8701171875,18.889999389648438,278.0,67.0999984741211
2026-06-26,2673000.0,339126.0,101.36000061035156,7354.02001953125,13203.5703125,18.40999984741211,283.0,66.79000091552734
2026-06-29,2628000.0,323000.0,101.11000061035156,7440.43017578125,13709.66015625,17.649999618530273,280.0,68.13999938964844
2026-06-30,2650000.0,334000.0,101.19000244140625,7499.35986328125,14246.9599609375,16.450000762939453,275.0,71.95999908447266
2026-07-01,2560000.0,314500.0,101.38999938964844,7483.22998046875,13353.2802734375,16.59000015258789,274.0,68.55999755859375
2026-07-02,2187000.0,286000.0,100.86000061035156,7483.240234375,12626.2197265625,16.149999618530273,275.0,65.4000015258789
2026-07-03,2425000.0,309500.0,,,,,274.0,
2026-07-06,2343000.0,318000.0,100.8499984741211,7537.43017578125,12900.1396484375,15.569999694824219,272.0,65.76000213623047
2026-07-07,2201000.0,296000.0,101.13999938964844,7503.85009765625,12300.51953125,16.1299991607666,267.0,70.25
2026-07-08,2076000.0,277500.0,101.05000305175781,7482.7099609375,12574.9697265625,16.899999618530273,270.0,72.41000366210938
2026-07-09,2186000.0,278000.0,100.94000244140625,7543.64013671875,12960.0,15.84000015258789,270.0,68.88999938964844
2026-07-10,2180000.0,285000.0,100.97000122070312,7575.39013671875,12967.16015625,15.029999732971191,269.0,69.55000305175781
2026-07-13,1845000.0,254500.0,101.27999877929688,7515.33984375,12347.7802734375,17.15999984741211,269.0,77.7699966430664
2026-07-14,1913000.0,263000.0,100.94000244140625,7543.58984375,12661.9296875,16.5,272.0,75.02999877929688
2026-07-15,2082000.0,279500.0,100.5,7572.39990234375,12398.8896484375,15.670000076293945,271.0,68.4800033569336
2026-07-16,1842000.0,255000.0,100.7300033569336,7533.77001953125,11867.5,16.729999542236328,271.0,68.16000366210938
2026-07-17,,,100.75,7457.68994140625,11673.8896484375,18.770000457763672,273.0,70.87999725341797
2026-07-20,1764000.0,244000.0,100.98999786376953,7443.27978515625,11743.849609375,18.649999618530273,269.0,72.66000366210938
2026-07-21,1836000.0,259000.0,101.18000030517578,7509.2001953125,12356.16015625,17.049999237060547,269.0,74.66999816894531
2026-07-22,1830000.0,260500.0,101.13999938964844,7498.9599609375,12410.669921875,16.639999389648438,268.0,76.30999755859375
2026-07-23,1919000.0,270000.0,101.43000030517578,7408.2998046875,12343.83984375,18.700000762939453,277.0,80.08000183105469
2026-07-24,1759000.0,249500.0,101.47000122070312,7411.97998046875,11818.8798828125,18.579999923706055,279.0,76.81999969482422
2026-07-27,1816000.0,254000.0,101.51000213623047,7413.18017578125,11554.8798828125,18.670000076293945,281.0,77.20999908447266
2026-07-28,1550000.0,220000.0,101.37999725341797,7428.77978515625,11035.6796875,18.209999084472656,284.0,76.08999633789062
2026-07-29,1401000.0,208500.0,100.80000305175781,7316.14990234375,10447.490234375,20.65999984741211,287.0,74.18000030517578
2026-07-30,1322000.0,207000.0,100.01000213623047,7437.6298828125,11302.990234375,17.09000015258789,284.0,77.08999633789062
2026-07-31,1718000.0,262500.0,99.80000305175781,7489.72021484375,11311.080078125,15.989999771118164,285.0,83.0199966430664
2026-08-03,1567000.0,239500.0,99.95999908447266,7600.5,11430.349609375,15.859999656677246,278.0,80.4800033569336
2026-08-04,1577000.0,240000.0,99.88999938964844,7736.52001953125,12179.259765625,16.5,273.0,77.55999755859375
2026-08-05,1668000.0,246000.0,99.69000244140625,7723.5498046875,12008.8798828125,15.8100004196167,275.0,73.58000183105469
2026-08-06,1495000.0,230500.0,99.97000122070312,7709.9599609375,12048.6904296875,15.149999618530273,271.0,76.12000274658203
2026-08-07,1422000.0,231000.0,99.5999984741211,7757.64013671875,12356.7900390625,14.899999618530273,270.0,72.02999877929688
2026-08-10,1420000.0,230000.0,99.80999755859375,7753.10986328125,11993.8603515625,15.460000038146973,270.0,75.45999908447266
2026-08-11,1425000.0,239500.0,99.81999969482422,7728.2001953125,12098.4697265625,15.279999732971191,272.0,77.91999816894531
2026-08-12,1504000.0,255500.0,100.01000213623047,7748.5,12399.3798828125,14.550000190734863,271.0,72.08999633789062
2026-08-13,1593000.0,268000.0,99.95999908447266,7798.990234375,12456.0,14.630000114440918,271.0,69.2300033569336
2026-08-14,1645000.0,274500.0,99.66999816894531,7785.759765625,12417.0498046875,14.25,267.0,69.58000183105469
2026-08-17,,,99.63999938964844,7745.06005859375,12621.0,15.1899995803833,270.0,75.62999725341797
2026-08-18,1662000.0,268500.0,99.6500015258789,7691.759765625,11992.4599609375,15.84000015258789,275.0,74.9800033569336
2026-08-19,1500000.0,247500.0,98.83000183105469,7707.97998046875,11738.23046875,14.890000343322754,273.0,71.26000213623047
2026-08-20,1691000.0,271000.0,98.9000015258789,7641.16015625,11800.01953125,16.010000228881836,275.0,73.18000030517578
2026-08-21,1730000.0,281500.0,98.80000305175781,7674.3701171875,11740.3701171875,15.130000114440918,270.0,73.4000015258789
2026-08-24,1671000.0,257000.0,99.0,7652.85986328125,11423.169921875,15.850000381469727,,73.9800033569336
2026-08-25,1673000.0,257000.0,99.07599639892578,,,,,
