date,composite,global,semi,breadth,liq,euphoria
2026-08-13,65.3,60.2,63.0,67.0,43.0,69.9
2026-08-14,65.8,60.9,63.3,69.1,40.1,68.1
2026-08-18,65.0,60.8,60.3,69.4,42.2,66.0
2026-08-19,64.0,60.1,57.9,66.6,47.4,67.1
2026-08-20,63.5,58.4,56.1,65.0,53.8,68.3
2026-08-21,61.2,56.4,54.8,61.0,56.3,71.8
2026-08-24,57.0,54.0,53.6,57.7,51.7,74.1
2026-08-25,51.6,54.6,42.7,57.2,50.7,77.9
2026-08-26,49.8,53.7,41.7,59.3,44.5,78.7
2026-08-27,48.9,55.9,41.1,59.9,38.0,79.2
2026-08-28,50.3,57.3,39.5,65.1,36.2,76.2
2026-08-31,52.5,58.7,39.4,68.7,37.1,72.1
2026-09-01,52.2,58.3,38.6,69.7,36.8,66.2
2026-09-02,48.8,54.9,37.5,66.8,35.9,60.9
2026-09-03,47.6,55.5,36.3,63.1,37.8,58.2
2026-09-04,47.2,57.0,36.6,59.9,37.4,57.3
2026-09-07,45.9,56.4,37.4,57.6,35.7,57.3
2026-09-09,46.3,57.6,41.2,52.7,35.4,61.6
2026-09-10,47.1,54.2,43.4,53.2,39.5,59.7
2026-09-11,45.7,49.2,42.6,50.8,47.2,59.5
2026-09-14,45.4,49.0,40.8,48.5,52.7,63.0
2026-09-15,44.1,47.9,38.3,47.7,55.3,63.7
2026-09-16,41.0,46.9,36.0,47.0,50.7,65.2
2026-09-17,37.5,46.6,34.5,46.0,42.5,69.7
2026-09-18,36.8,47.3,35.0,47.7,35.7,71.8
2026-09-22,41.5,53.3,42.4,49.3,28.0,80.4
2026-09-23,45.7,55.7,45.5,49.2,33.9,81.5
2026-09-28,48.4,55.0,48.2,49.6,39.6,81.1
2026-09-29,46.4,51.9,48.7,46.9,40.5,84.5
2026-09-30,45.0,48.8,48.4,45.2,43.5,84.5
2026-10-01,41.9,42.9,47.7,47.5,40.2,83.4
2026-10-02,41.0,41.0,47.7,50.5,36.5,84.0
