date,all_adv,all_dec,all_unch,all_nh,all_nl,all_nhl_n,all_ma20,all_ma50,all_ma200,all_upvol,all_dnvol,all_amt,all_turnover,kospi_adv,kospi_dec,kospi_unch,kospi_nh,kospi_nl,kospi_nhl_n,kospi_ma20,kospi_ma50,kospi_ma200,kospi_upvol,kospi_dnvol,kospi_amt,kospi_turnover,kosdaq_adv,kosdaq_dec,kosdaq_unch,kosdaq_nh,kosdaq_nl,kosdaq_nhl_n,kosdaq_ma20,kosdaq_ma50,kosdaq_ma200,kosdaq_upvol,kosdaq_dnvol,kosdaq_amt,kosdaq_turnover,top10_share,penny_share,top50_penny,cap_up,cap_down,kospi_close,kosdaq_close,vkospi
2025-02-04,1903,493,135,0,0,0,,,,13.8545,3.6899,18.0581,0.7906,682,202,48,0,0,0,,,,8.3153,2.445,10.8263,0.5397,1221,291,87,0,0,0,,,,5.5392,1.2449,7.2317,2.5983,31.2915,1.642,0,5,1,2481.69,719.92,
2025-02-05,1650,733,150,0,0,0,,,,12.8111,3.2888,16.8583,0.7279,579,297,56,0,0,0,,,,6.658,2.4185,9.7657,0.4802,1071,436,94,0,0,0,,,,6.1532,0.8702,7.0926,2.5101,34.0836,1.8143,1,2,1,2509.27,730.98,
2025-02-06,1454,889,191,0,0,0,,,,14.9146,3.7929,18.8934,0.807,589,275,69,0,0,0,,,,9.1813,2.3121,11.5806,0.5633,865,614,122,0,0,0,,,,5.7333,1.4808,7.3128,2.5635,30.4091,1.5487,0,5,0,2536.75,740.32,
2025-02-07,851,1512,171,0,0,0,,,,10.7419,8.1777,18.9995,0.8151,283,591,59,0,0,0,,,,3.7193,6.2343,9.978,0.4881,568,921,112,0,0,0,,,,7.0226,1.9434,9.0215,3.1477,27.2435,1.4612,1,5,0,2521.92,742.9,
2025-02-10,1281,1066,187,0,0,0,,,,11.8931,7.5705,19.9605,0.8551,412,445,76,0,0,0,,,,4.7436,5.4515,10.388,0.508,869,621,111,0,0,0,,,,7.1495,2.119,9.5725,3.3074,25.8187,0.9134,0,8,1,2521.27,749.67,
2025-02-11,1150,1190,194,0,0,0,,,,14.3622,4.8027,19.6015,0.8342,464,402,67,0,0,0,,,,8.4616,2.1537,10.911,0.5298,686,788,127,0,0,0,,,,5.9006,2.6489,8.6905,2.9935,31.0861,1.5365,1,5,2,2539.05,749.59,
2025-02-12,806,1557,171,0,0,0,,,,12.7956,7.0187,21.1357,0.8969,328,543,62,0,0,0,,,,9.8672,3.7758,13.7359,0.6641,478,1014,109,0,0,0,,,,2.9284,3.2429,7.3998,2.5667,37.1717,1.3394,1,5,0,2548.39,745.18,
2025-02-13,1401,947,187,0,0,0,,,,16.467,5.2068,23.698,0.993,563,306,64,0,0,0,,,,11.9263,3.5507,16.8016,0.8014,838,641,123,0,0,0,,,,4.5407,1.6561,6.8964,2.3784,30.0267,1.142,0,4,0,2583.17,749.28,
2025-02-14,1200,1134,202,0,0,0,,,,14.6554,7.0933,22.3747,0.9343,490,360,83,0,0,0,,,,8.6375,4.8382,13.6174,0.6478,710,774,119,0,0,0,,,,6.0179,2.2552,8.7572,2.9894,31.7489,0.8549,0,2,2,2591.05,756.32,
2025-02-17,1633,736,168,0,0,0,,,,13.224,3.6707,18.8419,0.78,609,262,62,0,0,0,,,,7.025,2.3909,10.8933,0.5145,1024,474,106,0,0,0,,,,6.199,1.2798,7.9486,2.6639,26.2121,0.7478,0,4,2,2610.42,768.48,
2025-02-18,1306,1034,198,0,0,0,,,,16.3659,5.0059,21.6116,0.8886,469,392,72,0,0,0,,,,9.2526,3.1776,12.5576,0.5892,837,642,126,0,0,0,,,,7.1134,1.8283,9.054,3.0105,28.6867,0.9908,0,6,0,2626.81,773.65,
2025-02-19,1472,902,164,0,0,0,,,,16.3369,6.7664,23.5507,0.9529,570,296,67,0,0,0,,,,10.6228,3.6192,14.6486,0.6753,902,606,97,0,0,0,,,,5.7141,3.1472,8.9021,2.9451,28.5536,0.7254,0,5,0,2671.52,778.27,
2025-02-20,988,1374,176,0,0,0,,,,9.0686,12.3289,22.8014,0.9295,445,408,80,0,0,0,,,,5.9045,8.1047,14.3119,0.6641,543,966,96,0,0,0,,,,3.1641,4.2242,8.4894,2.8468,28.963,0.9943,0,10,0,2654.06,768.27,
2025-02-21,1269,1073,197,0,0,0,,,,11.1144,6.7043,18.1872,0.7409,498,370,65,0,0,0,,,,6.4004,4.6598,11.3076,0.5246,771,703,132,0,0,0,,,,4.7139,2.0445,6.8796,2.299,27.8595,1.3328,0,4,0,2654.58,774.65,
2025-02-24,1120,1245,174,0,0,0,,,,8.3022,8.0029,17.6323,0.7205,443,414,76,0,0,0,,,,4.9034,5.5916,10.5991,0.4935,677,831,98,0,0,0,,,,3.3988,2.4113,7.0332,2.3503,28.1848,1.2942,1,5,0,2645.27,773.33,
2025-02-25,881,1485,174,0,0,0,,,,8.3374,8.4711,17.661,0.7257,353,521,59,0,0,0,,,,5.0461,5.2923,10.4232,0.4881,528,964,115,0,0,0,,,,3.2913,3.1789,7.2377,2.4259,30.0083,1.0022,0,3,0,2630.29,769.43,
2025-02-26,1307,1025,209,0,0,0,,,,10.5558,6.7683,17.5537,0.7189,539,328,66,0,0,0,,,,6.7788,4.1869,11.1179,0.5187,768,697,143,0,0,0,,,,3.777,2.5814,6.4358,2.1576,25.9768,0.6916,0,5,0,2641.09,771.41,
2025-02-27,771,1604,166,0,0,0,,,,7.4736,8.806,16.5251,0.6814,313,561,59,0,0,0,,,,4.1613,6.4068,10.6934,0.5026,458,1043,107,0,0,0,,,,3.3123,2.3992,5.8317,1.9599,26.3064,0.9232,0,5,0,2621.75,770.85,
2025-02-28,315,2139,87,0,0,0,38.3248,,,3.8923,17.3355,21.4627,0.916,92,822,19,0,0,0,43.6695,,,1.8706,13.462,15.4053,0.7497,223,1317,68,0,0,0,35.2095,,,2.0216,3.8735,6.0573,2.1008,26.2663,0.8123,0,4,0,2532.78,743.96,
2025-03-04,722,1693,127,0,0,0,31.2673,,,9.2329,6.9653,17.3996,0.7442,303,585,45,0,0,0,36.0515,,,7.0465,4.8973,13.094,0.6381,419,1108,82,0,0,0,28.4822,,,2.1863,2.068,4.3056,1.5053,34.2567,1.0564,0,5,0,2528.92,737.9,
2025-03-05,1818,585,139,0,0,0,40.6077,,,13.645,4.3503,18.3622,0.7764,703,178,52,0,0,0,47.91,,,9.2347,3.3503,12.908,0.622,1115,407,87,0,0,0,36.3523,,,4.4103,1.0,5.4542,1.8822,31.0151,0.8516,0,5,0,2558.13,746.95,
2025-03-06,996,1359,187,0,0,0,39.5422,,,9.5727,6.8957,17.1847,0.7235,478,387,68,0,0,0,49.089,,,6.7626,4.2826,11.1862,0.5354,518,972,119,0,0,0,33.9788,,,2.8101,2.6131,5.9984,2.098,23.8582,1.8635,1,4,0,2576.16,734.92,
2025-03-07,802,1577,164,0,0,0,35.7537,,,8.6376,7.7875,17.6402,0.7463,344,535,54,0,0,0,45.8735,,,6.3594,5.0069,12.0569,0.5796,458,1042,110,0,0,0,29.8563,,,2.2782,2.7806,5.5833,1.971,29.252,1.4642,1,1,1,2563.48,727.7,
2025-03-10,1027,1326,192,0,0,0,34.5699,,,8.0286,5.7726,14.7178,0.6217,401,462,70,0,0,0,45.7663,,,5.1103,3.849,9.7949,0.4696,626,864,122,0,0,0,28.045,,,2.9183,1.9236,4.9229,1.747,27.4169,1.3184,0,5,0,2570.39,725.82,
2025-03-11,609,1808,128,0,0,0,28.3346,,,5.9136,11.4288,17.705,0.7565,176,722,35,0,0,0,36.0129,,,1.8065,9.415,11.2682,0.5472,433,1086,93,0,0,0,23.8601,,,4.1071,2.0138,6.4368,2.2901,33.3113,0.9951,0,5,0,2537.6,721.5,
2025-03-12,1516,843,186,0,0,0,30.8876,,,11.8321,5.4485,17.6298,0.7426,504,347,82,0,0,0,36.0129,,,7.8919,3.9214,12.0137,0.5751,1012,496,104,0,0,0,27.9026,,,3.9402,1.5271,5.6161,1.971,32.3407,0.8871,0,6,1,2574.82,729.49,
2025-03-13,813,1561,171,0,0,0,28.5883,,,10.694,8.4617,19.295,0.814,326,533,74,0,0,0,32.2615,,,7.3212,5.577,12.9396,0.6196,487,1028,97,0,0,0,26.4504,,,3.3728,2.8847,6.3554,2.2529,25.7675,0.7466,0,2,0,2573.64,722.8,
2025-03-14,1543,794,208,0,0,0,32.4793,,,9.0733,4.8176,15.325,0.6464,500,352,81,0,0,0,35.2626,,,4.71,3.8099,9.9176,0.4757,1043,442,127,0,0,0,30.8603,,,4.3633,1.0077,5.4074,1.8891,27.7776,0.9579,0,1,1,2566.36,734.26,
2025-03-17,1318,1064,164,0,0,0,35.7368,,,13.3174,3.6146,17.3298,0.7193,522,350,62,0,0,0,38.478,,,9.1945,2.2731,11.825,0.5574,796,714,102,0,0,0,34.1433,,,4.1229,1.3415,5.5048,1.9124,33.6081,0.9866,0,4,4,2610.69,743.51,
2025-03-18,1111,1238,198,0,0,0,37.1946,,,10.3161,4.7967,17.0337,0.706,427,425,83,0,0,0,39.4427,,,6.792,3.2751,11.9141,0.5611,684,813,115,0,0,0,35.8879,,,3.5241,1.5216,5.1197,1.7684,34.7461,0.762,0,6,0,2612.34,745.54,
2025-03-19,1132,1203,212,0,0,0,37.6281,,,11.4363,5.7576,17.3775,0.717,502,361,72,0,0,0,42.1222,,,8.4052,3.1723,11.6725,0.5463,630,842,140,0,0,0,35.0156,,,3.0311,2.5853,5.7049,1.9867,31.315,0.8069,0,4,0,2628.62,738.35,
2025-03-20,733,1634,180,0,0,0,34.2261,,,8.6027,7.9186,18.1691,0.7486,327,537,71,0,0,0,40.5145,,,6.4283,5.0481,11.7922,0.55,406,1097,109,0,0,0,30.5729,,,2.1744,2.8705,6.377,2.2516,35.4783,0.7659,0,4,0,2637.1,725.15,
2025-03-21,817,1561,171,0,0,0,32.1386,,,10.7248,9.1193,20.3185,0.8367,310,557,68,0,0,0,37.6206,,,7.8604,6.1102,14.1162,0.657,507,1004,103,0,0,0,28.9539,,,2.8644,3.0092,6.2023,2.2152,38.0082,0.7072,0,4,6,2643.13,719.41,
2025-03-24,1095,1253,202,0,0,0,33.3858,,,6.3643,4.669,11.4787,0.4742,396,456,83,0,0,0,39.9786,,,3.3,3.3624,6.8281,0.3192,699,797,119,0,0,0,29.5582,,,3.0643,1.3066,4.6506,1.6524,29.3263,1.6935,1,3,2,2632.07,720.22,
2025-03-25,760,1629,162,0,0,0,29.2798,,,5.7624,7.4337,13.3387,0.5548,299,569,67,0,0,0,34.9411,,,2.9476,5.0121,8.029,0.3776,461,1060,95,0,0,0,25.995,,,2.8148,2.4216,5.3097,1.9097,27.5341,1.1905,0,4,0,2615.81,711.26,
2025-03-26,1305,1048,198,0,0,0,31.9953,,,8.5797,3.5042,12.2432,0.504,451,409,75,0,0,0,36.2272,,,5.3087,2.0685,7.4883,0.3483,854,639,123,0,0,0,29.5398,,,3.271,1.4357,4.7549,1.7001,28.338,2.3937,2,13,2,2643.94,716.48,
2025-03-27,692,1704,155,0,0,0,29.1617,,,5.8438,6.7231,12.6741,0.5287,276,600,59,0,0,0,33.9764,,,2.5116,4.9534,7.5507,0.3561,416,1104,96,0,0,0,26.3682,,,3.3322,1.7696,5.1235,1.8518,29.928,1.6459,0,6,0,2607.15,707.49,
2025-03-28,448,1961,142,0,0,0,21.6365,,,3.5653,7.9516,11.7658,0.5005,166,718,51,0,0,0,24.3301,,,1.4334,5.5178,7.0548,0.3392,282,1243,91,0,0,0,20.0746,,,2.132,2.4338,4.711,1.7368,27.6002,2.4142,1,5,0,2557.98,693.76,
2025-03-31,269,2176,107,0,0,0,12.7852,,,3.0792,9.0278,12.2166,0.536,83,816,36,0,0,0,12.7546,,,1.2216,6.822,8.1096,0.4022,186,1360,71,0,0,0,12.803,,,1.8576,2.2058,4.1071,1.5615,28.1928,2.2803,1,5,1,2481.12,672.85,
2025-04-01,2035,391,126,0,0,0,23.2887,,,9.687,1.7348,11.5448,0.4978,704,179,52,0,0,0,22.1865,,,5.5838,1.1885,6.8135,0.3326,1331,212,74,0,0,0,23.9279,,,4.1031,0.5463,4.7314,1.7485,24.7023,2.6269,0,15,0,2521.39,691.45,
2025-04-02,734,1643,175,0,0,0,22.8077,,,6.8449,5.0939,13.0293,0.5655,272,588,75,0,0,0,21.9721,,,2.7264,3.3894,7.1889,0.3532,462,1055,100,0,0,0,23.2919,,,4.1186,1.7044,5.8404,2.175,28.2747,1.9347,1,6,0,2505.86,684.85,
2025-04-03,811,1557,184,0,0,0,21.611,,,5.4716,7.4057,13.2836,0.5807,273,598,64,0,0,0,19.507,,,2.8537,5.25,8.2134,0.4067,538,959,120,0,0,0,22.8288,,,2.6179,2.1558,5.0702,1.8921,30.9772,2.0319,0,7,1,2486.7,683.49,
2025-04-04,1494,898,161,0,0,0,26.6012,,,6.3732,10.6678,17.1179,0.7535,553,325,57,0,0,0,25.5091,,,3.4908,7.0846,10.6247,0.5305,941,573,104,0,0,0,27.2333,,,2.8825,3.5832,6.4932,2.4145,33.0689,1.9834,1,16,1,2465.42,687.39,
2025-04-07,248,2232,73,0,0,0,16.3851,,,4.0358,11.5375,15.6772,0.7305,67,851,17,0,0,0,13.7192,,,1.1546,9.1721,10.3404,0.5468,181,1381,56,0,0,0,17.928,,,2.8812,2.3655,5.3368,2.0925,29.7057,2.4234,1,15,0,2328.2,651.3,
2025-04-08,1530,853,170,0,0,0,20.7073,,,9.4795,4.3272,13.9939,0.6499,538,337,60,0,0,0,18.0064,,,6.0154,2.8753,9.0221,0.4756,992,516,110,0,0,0,22.2705,,,3.4641,1.4519,4.9717,1.9387,28.1285,2.3752,1,15,0,2334.23,658.45,
2025-04-09,426,2003,124,0,0,0,17.2888,,,4.2584,9.61,13.9575,0.6599,144,749,42,0,0,0,14.8982,,,2.0178,7.3626,9.4313,0.5059,282,1254,82,0,0,0,18.6725,,,2.2406,2.2473,4.5262,1.8062,30.6281,2.3291,1,10,0,2293.7,643.39,
2025-04-10,2347,125,81,0,0,0,29.5758,,,15.3885,0.6539,16.0732,0.7136,862,46,27,0,0,0,27.1949,,,10.8123,0.192,11.0296,0.555,1485,79,54,0,0,0,30.9553,,,4.5762,0.462,5.0436,1.9036,31.5494,1.815,0,17,0,2445.06,681.79,
2025-04-11,1689,697,167,0,0,0,40.0079,,,8.3616,5.0386,13.4843,0.5996,529,338,68,0,0,0,33.7968,,,3.6986,3.8933,7.6534,0.3872,1160,359,99,0,0,0,43.6104,,,4.663,1.1453,5.8309,2.1446,25.4913,1.792,0,15,0,2432.72,695.59,
2025-04-14,1833,560,160,0,0,0,51.4723,37.4951,,9.4253,2.8062,12.467,0.5484,627,251,57,0,0,0,41.2834,33.9056,,4.5263,1.9391,6.6014,0.3308,1206,309,103,0,0,0,57.3821,39.5872,,4.8989,0.8671,5.8655,2.1137,23.9646,3.3991,2,13,1,2455.89,708.98,
2025-04-15,1742,625,186,0,0,0,62.4656,42.2424,,9.1387,3.1458,12.5164,0.5459,695,179,61,0,0,0,53.262,40.7725,,4.9084,1.3524,6.4413,0.32,1047,446,125,0,0,0,67.804,43.0981,,4.2303,1.7934,6.0751,2.1734,21.0919,1.7066,0,8,2,2477.41,711.92,
2025-04-16,709,1655,189,0,0,0,58.572,40.4893,,6.0006,6.4526,12.6426,0.5586,297,566,72,0,0,0,52.0856,39.2283,,2.4009,4.0411,6.6122,0.3326,412,1089,117,0,0,0,62.3296,41.2242,,3.5997,2.4116,6.0304,2.1933,24.7433,1.9707,0,12,2,2447.43,699.11,
2025-04-17,1745,606,202,0,0,0,66.6275,45.2644,,9.8826,2.1181,12.2814,0.5371,629,223,83,0,0,0,59.893,44.1586,,5.1607,1.1094,6.4979,0.3238,1116,383,119,0,0,0,70.5263,45.9088,,4.722,1.0087,5.7835,2.0659,24.6503,2.8926,1,9,1,2470.41,711.75,
2025-04-18,1536,817,200,0,0,0,73.6574,49.2502,,8.2097,3.5113,12.0428,0.5238,613,243,79,0,0,0,69.3048,48.8746,,3.7097,1.5651,5.5739,0.2763,923,574,121,0,0,0,76.1757,49.4691,,4.5,1.9462,6.4689,2.2951,22.7133,3.8607,2,12,1,2483.42,717.77,
2025-04-21,1156,1183,214,0,0,0,75.343,50.3157,,6.8111,3.8833,10.9269,0.4745,495,365,75,0,0,0,72.7273,50.268,,3.2566,1.7236,5.1462,0.2546,661,818,139,0,0,0,76.8564,50.3435,,3.5545,2.1597,5.7806,2.0536,20.3449,4.0174,2,14,1,2488.42,715.45,
2025-04-22,1093,1263,197,0,0,0,75.343,52.2889,,6.5294,5.6994,12.5091,0.5435,452,412,71,0,0,0,74.0107,51.5541,,2.9549,2.8654,6.0432,0.2992,641,851,126,0,0,0,76.1139,52.7171,,3.5744,2.834,6.4659,2.2949,21.5396,3.8399,2,14,0,2486.64,716.12,
2025-04-23,1628,734,191,0,0,0,82.8303,55.858,,9.6798,3.8791,13.6442,0.584,619,249,67,0,0,0,83.2086,56.2701,,5.9194,1.695,7.6566,0.3733,1009,485,124,0,0,0,82.6114,55.618,,3.7604,2.1841,5.9876,2.1001,23.6613,3.2971,1,9,1,2525.56,726.08,
2025-04-24,1050,1295,208,0,0,0,81.8574,56.1514,,5.842,5.3463,12.3312,0.5286,398,449,88,0,0,0,82.9947,56.5916,,3.167,3.1557,6.9946,0.3415,652,846,120,0,0,0,81.1998,55.8952,,2.675,2.1906,5.3365,1.8749,24.0208,4.756,4,8,1,2522.33,726.08,
2025-04-25,1576,781,196,0,0,0,85.384,60.2286,,8.9566,3.5018,13.4522,0.5713,637,235,63,0,0,0,87.5936,60.7717,,5.7095,2.0357,8.6481,0.4182,939,546,133,0,0,0,84.1064,59.9127,,3.2471,1.4661,4.8041,1.6761,30.6145,3.6089,2,10,0,2546.3,729.69,
2025-04-28,760,1615,178,0,0,0,79.1928,56.8164,,7.2224,5.3653,12.8847,0.5477,360,514,61,0,0,0,83.1016,59.8071,,4.422,3.1879,7.6525,0.3697,400,1101,117,0,0,0,76.9326,55.0779,,2.8004,2.1774,5.2321,1.8521,25.2194,3.8347,1,13,2,2548.86,719.41,
2025-04-29,1632,747,175,0,0,0,82.21,60.9929,,7.7039,5.4148,13.9192,0.5877,650,233,52,0,0,0,86.5241,65.5949,,4.4804,3.8726,9.0329,0.4336,982,514,123,0,0,0,79.7155,58.3178,,3.2235,1.5422,4.8863,1.7137,29.0253,4.265,2,12,1,2565.42,726.46,
2025-04-30,737,1647,171,0,0,0,75.6757,57.762,,6.4561,6.2125,13.1589,0.5582,343,538,54,0,0,0,82.5668,63.6656,,3.6132,4.2956,8.3624,0.4028,394,1109,117,0,0,0,71.6934,54.3302,,2.843,1.9169,4.7964,1.7035,26.3781,3.5433,1,6,2,2556.61,717.24,
2025-05-02,1078,1277,200,0,0,0,73.0905,57.0303,,7.0295,5.1652,12.2941,0.521,408,450,77,0,0,0,80.2139,63.6656,,4.3697,3.7693,8.209,0.3952,670,827,123,0,0,0,68.974,53.1756,,2.6597,1.3959,4.0852,1.4463,29.0602,3.0603,2,7,0,2559.79,721.86,
2025-05-07,1337,1034,184,0,0,0,73.0121,59.4328,,9.8824,3.478,13.7044,0.5776,451,412,72,0,0,0,78.9305,65.3805,,6.1732,2.376,8.8392,0.4232,886,622,112,0,0,0,69.5921,55.9776,,3.7092,1.102,4.8652,1.712,27.8136,2.8588,2,9,1,2573.8,722.81,
2025-05-08,1485,863,207,0,0,0,72.9338,62.8346,,9.0789,4.9141,15.6133,0.656,527,333,75,0,0,0,78.6096,67.7385,,5.2264,3.7402,10.1437,0.4847,958,530,132,0,0,0,69.6539,59.9876,,3.8525,1.1739,5.4695,1.9041,31.3769,2.5165,2,6,0,2579.48,729.59,
2025-05-09,835,1535,186,0,0,0,65.6091,60.8422,,7.3947,5.461,14.608,0.6145,347,529,59,0,0,0,71.7647,65.1661,,4.5996,3.2365,7.8989,0.3776,488,1006,127,0,0,0,62.0519,58.3333,,2.7951,2.2244,6.7092,2.3502,28.7768,3.4969,2,7,1,2577.27,722.52,
2025-05-12,1683,721,154,0,0,0,68.351,66.706,,8.7892,4.9295,14.4176,0.5995,652,234,49,0,0,0,74.9733,71.2755,,5.1479,3.1837,8.3788,0.3957,1031,487,105,0,0,0,64.5241,64.0547,,3.6413,1.7458,6.0388,2.1007,25.187,2.1435,0,15,2,2607.33,725.4,
2025-05-13,1230,1111,218,0,0,0,66.04,68.0047,,8.8519,5.8107,14.9642,0.6216,443,414,78,0,0,0,71.9786,71.597,,4.3662,4.008,8.6141,0.4068,787,697,140,0,0,0,62.6082,65.9204,,4.4856,1.8027,6.3501,2.1926,24.1069,3.1407,3,8,0,2608.42,731.88,
2025-05-14,1548,820,191,0,0,0,68.5076,70.9284,,11.65,3.4735,15.3621,0.6304,581,289,65,0,0,0,73.0481,74.0622,,7.1603,1.4971,8.8406,0.4124,967,531,126,0,0,0,65.8838,69.1112,,4.4897,1.9764,6.5215,2.2228,25.3382,2.2748,1,12,0,2640.57,739.05,
2025-05-15,768,1624,167,0,0,0,60.8696,66.8765,,6.9504,7.0983,14.2954,0.5909,290,586,59,0,0,0,67.9144,69.5606,,2.4758,4.6111,7.1494,0.336,478,1038,108,0,0,0,56.7985,65.3201,,4.4746,2.4872,7.146,2.4506,27.0312,1.3767,0,9,0,2621.36,733.23,
2025-05-16,731,1685,144,0,0,0,49.7454,60.0708,,9.1273,5.1322,14.471,0.5977,311,570,54,0,0,0,59.1444,65.3805,,5.2731,2.5893,7.9898,0.3747,420,1115,90,0,0,0,44.314,56.9919,,3.8543,2.5429,6.4812,2.2425,26.6303,1.832,0,5,0,2626.87,725.07,
2025-05-19,635,1775,151,0,0,0,40.7364,54.5026,,4.8497,6.6078,13.1413,0.5482,234,636,65,0,0,0,48.984,59.8071,,2.3427,4.2127,6.6659,0.3155,401,1139,86,0,0,0,35.9703,51.4286,,2.507,2.3951,6.4755,2.2767,30.7596,1.9293,0,6,1,2603.42,713.75,
2025-05-20,1417,964,181,0,0,0,42.6949,56.8959,,8.1455,4.8823,13.7745,0.5747,544,330,61,0,0,0,50.4813,62.3794,,4.5564,2.9562,7.5929,0.3598,873,634,120,0,0,0,38.1953,53.7221,,3.5891,1.9261,6.1816,2.1593,26.6828,2.5325,2,4,1,2601.8,715.55,
2025-05-21,1446,914,203,0,0,0,45.9459,59.725,,9.2545,3.7177,13.2267,0.5469,526,333,76,0,0,0,52.6203,65.0589,,4.7518,2.4403,7.3856,0.3469,920,581,127,0,0,0,42.089,56.6377,,4.5027,1.2774,5.8411,2.0193,26.4538,2.0663,1,5,0,2625.58,723.62,
2025-05-22,711,1688,164,0,0,0,41.5198,55.7564,,4.3324,8.7466,14.0047,0.5857,256,619,60,0,0,0,49.8396,61.8435,,1.5,6.4527,8.8407,0.4201,455,1069,104,0,0,0,36.712,52.2333,,2.8324,2.294,5.164,1.8023,29.3249,1.6084,0,9,1,2593.67,717.67,
2025-05-23,1046,1352,166,0,0,0,41.1281,54.8527,,7.3506,5.9099,13.8783,0.5809,489,391,56,0,0,0,51.2299,62.1651,,4.6195,4.0156,8.6753,0.4126,557,961,110,0,0,0,35.2905,50.6203,,2.7311,1.8942,5.203,1.8141,29.8407,1.6248,0,3,0,2592.09,715.98,
2025-05-26,1503,874,188,0,0,0,44.8492,57.5246,,11.0291,1.8209,13.127,0.5393,624,257,55,0,0,0,56.5775,66.6667,,7.3252,0.8978,8.2998,0.3871,879,617,133,0,0,0,38.0717,52.2333,,3.704,0.9231,4.8272,1.6641,24.3628,1.1994,0,3,0,2644.4,725.27,
2025-05-27,906,1476,183,0,0,0,43.4391,57.2663,,7.6117,5.0419,13.0338,0.5367,352,510,74,0,0,0,55.2941,66.4882,,4.0119,3.6772,7.8948,0.3692,554,966,109,0,0,0,36.5884,51.9231,,3.5998,1.3648,5.1391,1.7708,25.7398,1.2122,0,6,0,2637.22,727.11,
2025-05-28,1499,882,184,0,0,0,48.7471,59.6781,,9.3655,7.1435,16.6591,0.6782,568,307,61,0,0,0,59.6791,69.3048,,6.007,4.9233,11.0339,0.5095,931,575,123,0,0,0,42.4336,54.0943,,3.3585,2.2203,5.6252,1.9342,25.5622,1.2952,0,3,0,2670.15,728.79,
2025-05-29,1791,610,164,0,0,0,55.8121,63.9183,,12.7913,2.2819,15.1746,0.607,738,151,47,0,0,0,69.7326,74.0107,,9.4909,1.3484,10.8785,0.493,1053,459,117,0,0,0,47.7778,58.0645,,3.3004,0.9335,4.2961,1.4632,23.5383,2.0294,1,9,0,2720.64,736.29,
2025-05-30,970,1413,182,0,0,0,54.638,63.1724,,9.2133,9.3039,19.182,0.7732,388,481,67,0,0,0,67.2727,72.1925,,6.5447,7.5763,14.6884,0.6714,582,932,115,0,0,0,47.3457,57.9404,,2.6687,1.7276,4.4935,1.5333,28.8504,2.0986,0,5,0,2697.67,734.35,
2025-06-02,1144,1248,173,0,0,0,54.2857,62.3774,,7.7228,4.7297,13.0342,0.5248,364,517,55,0,0,0,64.5989,70.5882,,4.3947,3.4841,8.0008,0.3654,780,731,118,0,0,0,48.3333,57.6208,,3.3281,1.2456,5.0335,1.7106,24.4141,2.9175,2,3,0,2698.97,740.29,
2025-06-04,1941,506,119,0,0,0,66.4971,68.9412,,14.2536,3.089,17.5626,0.6905,786,120,30,0,0,0,77.0053,76.3636,,10.4381,1.451,12.0532,0.5364,1155,386,89,0,0,0,60.4321,64.644,,3.8155,1.638,5.5094,1.8571,25.5059,1.9925,0,7,1,2770.84,750.21,
2025-06-05,1512,875,179,0,0,0,71.4006,72.207,,13.9794,5.1112,19.3126,0.7487,565,305,66,0,0,0,80.7487,80.2139,,9.9485,3.1836,13.2225,0.5797,947,570,113,0,0,0,66.0086,67.5743,,4.0309,1.9276,6.0901,2.0399,30.1161,2.0042,1,6,0,2812.05,756.23,
2025-06-09,1711,712,143,0,0,0,76.0751,74.5982,,15.4389,4.4106,20.0661,0.7665,687,201,48,0,0,0,85.4545,82.246,,10.7339,2.9204,13.8104,0.5961,1024,511,95,0,0,0,70.6716,70.1733,,4.705,1.4903,6.2557,2.0775,24.0909,1.6349,0,9,0,2855.77,764.21,
2025-06-10,1149,1251,166,0,0,0,76.2798,76.127,,12.7502,6.4765,19.9635,0.758,426,452,58,0,0,0,85.6684,83.4225,,8.8865,4.8284,13.9834,0.6003,723,799,108,0,0,0,70.8744,71.9059,,3.8637,1.6481,5.9802,1.9664,25.594,1.7968,1,5,0,2871.85,771.2,
2025-06-11,1626,754,187,0,0,0,79.9922,77.7734,,14.9823,3.3766,18.9951,0.7119,594,279,63,0,0,0,87.1658,84.385,,9.9227,2.37,12.4503,0.528,1032,475,124,0,0,0,75.8621,73.948,,5.0596,1.0066,6.5448,2.1108,27.5801,1.5856,0,7,0,2907.04,786.29,
2025-06-12,1236,1152,180,0,0,0,80.891,78.6442,,15.1076,8.4409,23.6823,0.8837,514,366,56,0,0,0,88.0214,85.8824,,10.7847,6.3573,17.1949,0.7259,722,786,124,0,0,0,76.7857,74.4589,,4.3229,2.0836,6.4874,2.0837,27.2572,1.8436,0,4,0,2920.03,789.45,
2025-06-13,374,2089,105,0,0,0,67.3047,71.3558,,10.8121,10.873,23.6043,0.89,145,755,36,0,0,0,77.6471,79.7861,,7.8214,7.6971,17.3826,0.7406,229,1334,69,0,0,0,61.3538,66.4811,,2.9908,3.176,6.2217,2.0396,25.9196,2.2714,1,5,1,2894.62,768.86,
2025-06-16,1457,952,159,0,0,0,68.9184,71.5125,,15.5835,4.1516,20.2091,0.7494,607,280,49,0,0,0,79.0374,80.2139,,11.0511,2.9936,14.3871,0.6023,850,672,110,0,0,0,63.0996,66.4811,,4.5324,1.158,5.822,1.8894,30.8121,1.6117,1,5,0,2946.66,777.26,
2025-06-17,928,1446,194,0,0,0,66.8228,69.6708,,13.8478,9.65,23.8655,0.8837,317,555,64,0,0,0,76.6845,78.3957,,9.7127,7.5427,17.4714,0.7303,611,891,130,0,0,0,61.1555,64.6259,,4.1351,2.1073,6.3941,2.0746,34.5149,1.0442,0,6,0,2950.3,775.65,
2025-06-18,1261,1123,185,0,0,0,67.2259,70.6228,,14.1164,6.3357,20.6909,0.7606,422,449,65,0,0,0,75.615,78.1818,,9.3812,4.9872,14.5613,0.604,839,674,120,0,0,0,62.4079,66.2546,,4.7352,1.3485,6.1296,1.9786,32.1483,1.0769,0,11,0,2972.19,779.73,
2025-06-19,1103,1266,200,0,0,0,66.1334,70.3878,,12.7745,6.8802,20.4696,0.7508,424,436,76,0,0,0,74.1176,78.8235,,8.1304,4.7692,13.6488,0.5653,679,830,124,0,0,0,61.5479,65.513,,4.6441,2.111,6.8208,2.1871,29.5703,1.5684,1,6,0,2977.74,782.51,
2025-06-20,1374,1001,194,0,0,0,70.0468,72.7771,,16.4314,7.3256,24.6028,0.8899,483,382,71,0,0,0,76.6026,81.2834,,12.0634,5.1524,18.0053,0.7348,891,619,123,0,0,0,66.2776,67.8616,,4.368,2.1732,6.5976,2.0979,28.866,0.9888,0,8,0,3021.84,791.53,
2025-06-23,623,1837,109,0,0,0,55.0877,65.4916,,17.21,7.2186,24.6619,0.8949,260,640,36,0,0,0,60.0427,74.4385,,12.3698,5.298,17.8655,0.7312,363,1197,73,0,0,0,52.2406,60.3214,,4.8402,1.9206,6.7964,2.1734,34.9234,1.1675,1,5,0,3014.47,784.79,
2025-06-24,1983,446,140,0,0,0,68.577,71.2887,,22.0413,3.89,26.1093,0.9214,756,136,44,0,0,0,75.2137,80.3209,,16.5178,2.3698,18.9901,0.7549,1227,310,96,0,0,0,64.7637,66.0692,,5.5235,1.5201,7.1192,2.2389,32.4954,1.3928,0,10,3,3103.64,800.93,
2025-06-25,1108,1281,180,0,0,0,67.7583,71.4454,,14.4159,10.8607,25.5074,0.8991,463,412,61,0,0,0,74.6795,80.4278,,11.2784,7.9639,19.3691,0.7685,645,869,119,0,0,0,63.7815,66.2546,,3.1374,2.8967,6.1383,1.9391,33.5179,1.8964,1,6,0,3108.25,798.21,
2025-06-26,498,1940,131,0,0,0,54.1131,66.04,,8.8444,13.0139,22.2435,0.7918,179,713,44,0,0,0,60.7906,77.1123,,6.5025,10.0467,16.8388,0.6744,319,1227,87,0,0,0,50.2762,59.6415,,2.3419,2.9672,5.4047,1.7311,35.3889,1.0945,0,6,0,3079.56,787.95,
2025-06-27,635,1788,146,0,0,0,42.6511,60.3995,,8.8032,9.7791,18.7479,0.6724,238,654,44,0,0,0,49.0385,72.0856,,5.9928,7.7374,13.8177,0.5577,397,1134,102,0,0,0,38.981,53.6465,,2.8104,2.0417,4.9302,1.5884,33.5606,1.056,0,6,0,3055.94,781.56,
2025-06-30,1127,1266,176,0,0,0,41.1696,59.4986,,12.2499,6.4392,18.9429,0.6766,478,394,64,0,0,0,50.4274,72.9412,,8.223,4.7691,13.2083,0.5306,649,872,112,0,0,0,35.8502,51.7305,,4.0269,1.6701,5.7345,1.8482,35.1537,1.2002,0,6,2,3071.7,781.5,
2025-07-01,1625,775,169,0,0,0,50.1169,63.1414,,12.0299,7.4881,20.1884,0.717,702,180,54,0,0,0,66.5598,77.6471,,8.9246,5.3621,14.8865,0.5944,923,595,115,0,0,0,40.6748,54.759,,3.1053,2.1259,5.302,1.7034,26.0442,1.4953,1,3,0,3089.65,783.67,
2025-07-02,995,1378,196,0,0,0,47.0772,61.8488,,8.6327,10.1477,19.073,0.6805,448,427,61,0,0,0,65.3846,78.3957,,6.2228,8.2035,14.567,0.5843,547,951,135,0,0,0,36.5644,52.2868,,2.4098,1.9441,4.506,1.456,26.9919,2.6029,1,5,0,3075.06,782.17,
2025-07-03,1724,689,156,0,0,0,55.456,67.4109,,12.6017,6.6297,19.4397,0.6843,600,280,56,0,0,0,70.8333,81.2834,,9.295,5.1467,14.6142,0.5782,1124,409,100,0,0,0,46.6258,59.3943,,3.3066,1.483,4.8255,1.5402,29.9101,1.7523,0,5,0,3116.27,793.33,
2025-07-04,489,1932,148,0,0,0,43.3359,62.4755,,4.7588,12.7163,18.3536,0.6588,159,727,50,0,0,0,55.3419,77.2193,,2.7175,10.4973,13.2429,0.5345,330,1205,98,0,0,0,36.4417,53.9555,,2.0414,2.2191,5.1107,1.6578,32.8243,1.6387,0,5,0,3054.28,775.8,
2025-07-07,1011,1380,179,0,0,0,41.7219,60.7129,,9.0422,5.0942,14.8,0.5308,423,452,61,0,0,0,53.5256,76.3636,,6.5935,3.3641,10.103,0.4073,588,928,118,0,0,0,34.9479,51.6687,,2.4487,1.7301,4.697,1.5257,30.2789,1.5423,0,4,1,3059.47,778.46,
2025-07-08,1540,833,198,0,0,0,46.9626,62.5539,,13.5694,4.3153,18.0037,0.6352,634,238,64,0,0,0,62.6068,78.1818,,10.3676,3.0446,13.4978,0.5346,906,595,134,0,0,0,37.9902,53.5229,,3.2018,1.2707,4.5059,1.4549,28.6998,2.1008,0,3,0,3114.95,784.24,
2025-07-09,1634,772,165,0,0,0,54.1667,64.5123,,10.9446,6.0681,17.4544,0.6121,688,197,51,0,0,0,71.4744,80.3209,,7.1629,5.1605,12.5638,0.4948,946,575,114,0,0,0,44.2402,55.377,,3.7816,0.9076,4.8905,1.565,25.8011,1.7748,0,5,0,3133.74,790.36,
2025-07-10,1459,913,200,0,0,0,59.5016,66.51,,14.3917,4.5047,19.3829,0.6698,591,281,64,0,0,0,76.0684,82.9947,,10.6109,3.1806,14.0869,0.5461,868,632,136,0,0,0,50.0,56.9839,,3.7808,1.3241,5.296,1.6848,25.82,1.0777,0,2,0,3183.23,797.7,
2025-07-11,1294,1056,223,0,0,0,61.7212,68.3242,,10.351,8.6293,19.3849,0.6708,470,402,65,0,0,0,76.3889,83.7433,,5.5862,7.2865,13.1498,0.5108,824,654,158,0,0,0,53.3088,59.4194,,4.7648,1.3429,6.2351,1.9758,29.0182,1.3741,0,2,0,3175.77,800.47,
2025-07-14,1140,1254,179,0,0,0,60.4515,66.5362,,10.6262,6.2482,16.9499,0.5824,518,360,59,0,0,0,77.6709,82.9947,,6.9245,4.5438,11.5116,0.4435,622,894,120,0,0,0,50.5818,57.037,,3.7017,1.7044,5.4384,1.7275,24.1819,1.3789,0,5,0,3202.03,799.37,
2025-07-15,1134,1225,214,0,0,0,61.6582,66.7319,,10.9701,6.7667,18.5611,0.6343,360,504,73,0,0,0,76.7094,81.6043,,6.815,5.2942,12.2186,0.4688,774,721,141,0,0,0,53.0312,58.1481,,4.1551,1.4726,6.3426,1.9824,29.4353,1.0568,0,5,0,3215.28,812.88,
2025-07-16,673,1740,161,0,0,0,55.5858,64.5793,,8.3584,8.3489,17.1981,0.5925,186,697,54,0,0,0,68.3761,78.5027,,4.2141,6.4681,11.1274,0.4307,487,1043,107,0,0,0,48.2547,56.5432,,4.1443,1.8808,6.0707,1.9022,27.5138,1.0121,0,4,0,3186.38,812.23,
2025-07-17,1160,1184,230,0,0,0,57.6878,66.6928,,12.1462,8.013,20.4843,0.7037,386,464,87,0,0,0,68.3761,79.7861,,8.8479,6.1798,15.2544,0.5892,774,720,143,0,0,0,51.5615,59.1358,,3.2983,1.8332,5.2299,1.6251,40.4556,1.2432,0,8,0,3192.29,818.27,
2025-07-18,893,1510,171,0,0,0,54.6516,66.471,,8.8098,7.1516,16.3765,0.5633,298,585,54,0,0,0,62.7137,79.4652,,5.9815,5.5232,11.8395,0.4579,595,925,117,0,0,0,50.0306,58.9759,,2.8283,1.6284,4.537,1.4108,32.4924,1.2659,0,4,0,3188.07,820.67,
2025-07-21,1150,1241,183,0,0,0,54.5348,67.1228,,10.5273,4.3624,15.0667,0.5147,386,483,68,0,0,0,59.6154,80.6417,,7.3862,3.0946,10.622,0.4078,764,758,115,0,0,0,51.6228,59.3346,,3.1412,1.2679,4.4447,1.3796,28.8794,1.3739,0,6,0,3210.81,821.69,
2025-07-22,573,1846,155,0,0,0,44.3363,61.2349,,5.8778,10.1909,16.2229,0.5613,209,675,53,0,0,0,47.2222,75.8289,,3.2213,8.1151,11.4486,0.4453,364,1171,102,0,0,0,42.6822,52.8325,,2.6565,2.0758,4.7743,1.4961,28.5482,1.5671,0,7,0,3169.94,812.97,
2025-07-23,896,1506,172,0,0,0,42.0397,59.32,,10.3491,5.4946,16.7114,0.5757,383,495,59,0,0,0,44.6581,75.0802,,8.3046,3.4892,12.006,0.4648,513,1011,113,0,0,0,40.5389,50.2463,,2.0445,2.0054,4.7053,1.4717,30.0644,1.4568,0,3,0,3183.77,813.56,
2025-07-24,563,1876,136,0,0,0,33.3593,54.1618,,9.6691,7.4202,17.3219,0.5962,190,699,48,0,0,0,34.0812,68.4492,,6.8411,5.5705,12.5641,0.4855,373,1177,88,0,0,0,32.9455,45.936,,2.828,1.8497,4.7578,1.4988,27.5265,1.4412,0,3,0,3190.45,809.89,
2025-07-25,970,1393,212,0,0,0,30.6345,52.3828,,8.2364,5.0806,13.9736,0.4803,365,499,73,0,0,0,31.5171,66.3102,,5.5671,3.9473,9.6957,0.374,605,894,139,0,0,0,30.1286,44.3692,,2.6693,1.1332,4.2779,1.348,25.0405,2.0891,1,2,0,3196.05,806.95,
2025-07-28,629,1793,154,0,0,0,24.9513,44.7872,,10.0547,7.3106,17.8727,0.6119,179,712,46,0,0,0,22.2222,52.8342,,7.93,5.5394,13.7385,0.5274,450,1081,108,0,0,0,26.5156,40.1599,,2.1247,1.7712,4.1342,1.3094,33.5394,1.1943,0,3,0,3209.52,804.4,
2025-07-29,1162,1215,200,0,0,0,24.4842,45.2771,,11.4404,4.7978,16.7636,0.5706,461,408,68,0,0,0,22.5427,54.9733,,9.0092,3.4534,12.6422,0.4822,701,807,132,0,0,0,25.5971,39.705,,2.4312,1.3444,4.1215,1.3039,33.6449,0.9852,0,3,1,3230.57,804.45,
2025-07-30,1270,1118,190,0,0,0,27.6372,45.8057,,11.3463,5.5101,17.1036,0.5781,470,400,67,0,0,0,25.0,54.6524,,8.7375,3.9406,12.8534,0.4864,800,718,123,0,0,0,29.1488,40.7248,,2.6087,1.5695,4.2502,1.3458,35.3039,1.5583,0,6,1,3254.47,803.67,
2025-07-31,1180,1190,208,0,0,0,28.2101,45.7667,,11.0531,8.8928,20.2195,0.6852,398,462,77,0,0,0,24.4658,53.5829,,8.3772,7.5646,16.1399,0.6127,782,728,131,0,0,0,30.355,41.2776,,2.6759,1.3282,4.0796,1.2887,37.9301,2.166,1,3,0,3245.44,805.24,
2025-08-01,161,2337,80,0,0,0,13.6912,26.014,,3.1766,14.2292,18.7807,0.6611,34,876,27,0,0,0,11.3248,27.0299,,1.9445,11.6407,14.9498,0.5894,127,1461,53,0,0,0,15.0459,25.43,,1.2321,2.5885,3.8309,1.2581,36.4453,1.5934,0,3,1,3119.41,772.79,
2025-08-04,1790,616,173,0,0,0,15.9471,30.7212,,8.6022,3.3199,12.8947,0.4495,669,208,61,0,0,0,13.3547,33.2265,,6.0562,2.6637,9.5178,0.3719,1121,408,112,0,0,0,17.4312,29.2818,,2.546,0.6562,3.3769,1.0932,31.7966,2.1785,1,2,0,3147.75,784.06,
2025-08-05,1804,586,189,0,0,0,22.0062,35.1267,,12.3528,1.8911,14.4122,0.4949,677,189,72,0,0,0,18.5897,37.9274,,9.7037,1.067,10.8859,0.4187,1127,397,117,0,0,0,23.9609,33.5175,,2.6491,0.824,3.5263,1.1285,29.7662,1.0657,0,3,0,3198.0,798.6,
2025-08-06,1578,777,224,0,0,0,26.0008,37.3099,,8.7673,5.2731,14.492,0.4974,638,233,67,0,0,0,24.4397,41.0256,,6.3656,4.4484,10.9997,0.4231,940,544,157,0,0,0,26.8949,35.175,,2.4017,0.8248,3.4923,1.1131,31.0459,1.8125,1,4,1,3198.14,803.49,
2025-08-07,1264,1092,223,0,0,0,31.0921,38.9084,,10.2299,4.2857,15.0829,0.5131,451,405,82,0,0,0,26.8943,41.6667,,7.7078,3.1542,11.1032,0.4231,813,687,141,0,0,0,33.4963,37.3235,,2.5222,1.1315,3.9797,1.2623,32.2809,1.3167,0,3,1,3227.68,805.81,
2025-08-08,1140,1229,211,0,0,0,34.2791,39.2982,,8.1364,6.4957,14.942,0.5106,380,484,74,0,0,0,29.6692,39.7436,,5.399,5.541,11.1631,0.4276,760,745,137,0,0,0,36.9193,39.0424,,2.7373,0.9547,3.7789,1.197,31.6342,1.6616,1,3,1,3210.01,809.27,
2025-08-11,937,1469,174,0,0,0,33.9161,37.8168,,7.3454,6.7601,14.3139,0.4897,296,572,70,0,0,0,28.9221,37.1795,,4.5365,5.4977,10.1787,0.3902,641,897,104,0,0,0,36.7746,38.1829,,2.8089,1.2624,4.1352,1.3132,29.6477,1.3414,0,4,0,3206.77,811.85,
2025-08-12,880,1508,192,0,0,0,32.7117,35.7755,,6.6133,7.3874,14.4688,0.4977,340,542,56,0,0,0,29.4557,35.1496,,3.9564,5.6518,9.9347,0.3829,540,966,136,0,0,0,34.5754,36.135,,2.6569,1.7357,4.534,1.4507,29.5988,1.5999,0,2,0,3189.91,807.19,
2025-08-13,1246,1147,187,0,0,0,35.8197,36.6329,,10.4563,3.9061,14.5687,0.496,409,463,66,0,0,0,30.2028,33.4402,,7.6747,2.5133,10.3116,0.3931,837,684,121,0,0,0,39.0348,38.4663,,2.7815,1.3928,4.2571,1.3543,28.1847,1.3569,0,4,0,3224.37,814.1,
2025-08-14,1064,1317,199,0,0,0,38.3061,35.5807,,6.8585,6.5254,14.2251,0.4841,377,493,68,0,0,0,32.444,33.3333,,4.6114,5.1365,9.9015,0.3774,687,824,131,0,0,0,41.6616,36.8712,,2.2471,1.3889,4.3236,1.3733,25.5468,4.4224,3,1,0,3225.66,815.26,
2025-08-18,523,1921,137,0,0,0,28.244,30.3196,,4.457,7.5198,12.8672,0.4448,192,695,51,0,0,0,25.4002,28.0983,,2.8736,5.7274,8.709,0.337,331,1226,86,0,0,0,29.8717,31.5951,,1.5834,1.7924,4.1581,1.3479,28.6556,2.7457,1,5,2,3177.28,798.05,
2025-08-19,651,1747,184,0,0,0,25.2914,27.6587,,4.5124,6.8135,12.9776,0.4525,266,607,65,0,0,0,23.5859,26.6026,,2.5339,4.9344,8.4337,0.329,385,1140,119,0,0,0,26.2676,28.2649,,1.9786,1.8791,4.5439,1.4924,27.265,2.2068,1,2,0,3151.56,787.96,
2025-08-20,571,1849,163,0,0,0,20.0,23.1308,,5.9067,9.3788,15.8552,0.5569,238,637,63,0,0,0,19.8506,23.0769,,4.1927,7.5505,11.8516,0.4654,333,1212,100,0,0,0,20.0855,23.1618,,1.714,1.8282,4.0036,1.3322,35.3647,2.2108,2,0,0,3130.09,777.61,
2025-08-21,1297,1074,213,0,0,0,22.6796,24.5327,,9.3483,4.7157,14.5267,0.5083,509,359,70,0,0,0,23.6926,24.7863,,7.2155,3.4841,10.7951,0.4223,788,715,143,0,0,0,22.1001,24.3873,,2.1327,1.2315,3.7316,1.2378,39.6228,1.9115,1,2,1,3141.74,777.24,
2025-08-22,1285,1068,232,0,0,0,25.2717,25.3894,,8.3203,3.2761,12.0922,0.4196,454,411,73,0,0,0,25.7204,24.7863,,5.7631,2.2767,8.2555,0.3202,831,657,159,0,0,0,25.0153,25.7353,,2.5571,0.9993,3.8367,1.264,26.726,1.8071,0,2,0,3168.73,782.51,
2025-08-25,1684,701,201,0,0,0,33.605,29.2056,,10.0991,1.6772,12.257,0.4197,596,266,76,0,0,0,32.0171,28.312,,6.8082,1.0445,8.0512,0.3083,1088,435,125,0,0,0,34.5122,29.7181,,3.2909,0.6327,4.2058,1.3596,30.4534,2.2043,1,4,0,3209.86,798.02,
2025-08-26,937,1416,234,0,0,0,32.0791,28.8828,,7.7309,9.162,17.0876,0.59,318,537,83,0,0,0,29.7759,26.7094,,4.875,7.837,12.8162,0.4956,619,879,151,0,0,0,33.3943,30.1286,,2.8559,1.325,4.2714,1.375,30.4113,1.2529,0,3,0,3179.36,801.66,
2025-08-27,927,1438,222,0,0,0,32.2731,28.1432,,7.3687,4.7814,12.2971,0.4235,332,518,88,0,0,0,29.7759,25.1068,,4.6534,3.6132,8.3358,0.3216,595,920,134,0,0,0,33.699,29.8836,,2.7153,1.1682,3.9613,1.2702,30.2611,2.6335,1,5,0,3187.16,801.72,
2025-08-28,1171,1196,220,0,0,0,34.7944,28.2211,,8.1103,5.2063,13.5503,0.4656,479,379,80,0,0,0,35.2188,25.9615,,5.5159,3.8004,9.5151,0.3662,692,817,140,0,0,0,34.5521,29.5162,,2.5944,1.4058,4.0352,1.2936,28.6742,1.7933,0,3,0,3196.32,798.43,
2025-08-29,847,1559,181,0,0,0,33.4626,27.3647,,7.4185,5.4609,13.0363,0.4493,296,577,65,0,0,0,33.6887,25.3205,,4.5877,4.1498,8.8216,0.3406,551,982,116,0,0,0,33.3333,28.5364,,2.8307,1.3112,4.2148,1.3553,25.625,1.2312,0,3,1,3186.01,796.91,
2025-09-01,505,1943,139,0,0,0,25.9791,24.095,,5.4147,7.3074,12.8224,0.4483,198,688,52,0,0,0,26.5458,23.0769,,2.8519,4.9383,7.8624,0.3077,307,1255,87,0,0,0,25.6551,24.6785,,2.5629,2.369,4.9599,1.623,26.9607,1.8035,1,5,1,3142.93,785.0,
2025-09-02,1481,898,208,0,0,0,29.0423,25.8077,,9.3931,4.2797,13.9059,0.4813,480,372,86,0,0,0,28.145,22.9701,,5.2845,3.1823,8.5521,0.3315,1001,526,122,0,0,0,29.5551,27.4342,,4.1086,1.0974,5.3538,1.7296,31.19,1.6071,0,2,0,3172.35,794.0,
2025-09-03,1311,1054,222,0,0,0,32.2993,27.0144,,8.5247,4.4164,13.2405,0.4564,496,368,74,0,0,0,31.7697,23.9316,,5.5603,2.9671,8.7502,0.3379,815,686,148,0,0,0,32.6021,28.7814,,2.9644,1.4492,4.4903,1.444,31.389,1.557,0,3,0,3184.42,796.81,
2025-09-04,1703,676,208,0,0,0,39.5349,30.0506,,10.2562,2.5277,13.117,0.4495,601,248,89,0,0,0,37.9531,25.641,,5.9812,1.6224,7.8855,0.3029,1102,428,119,0,0,0,40.4385,32.5781,,4.275,0.9053,5.2315,1.6608,27.9168,1.8147,0,2,0,3200.83,805.42,
2025-09-05,1263,1077,247,0,0,0,44.9612,32.1526,,8.9379,6.4726,15.6905,0.5367,447,398,93,0,0,0,43.177,27.3504,,5.41,5.334,10.8911,0.4179,816,679,154,0,0,0,45.9805,34.9051,,3.5279,1.1386,4.7994,1.5123,38.0449,1.6645,0,2,0,3205.12,811.4,
2025-09-08,1415,954,218,0,0,0,49.9612,34.8774,,9.6134,3.3315,13.1463,0.4474,538,319,81,0,0,0,49.8934,30.235,,5.5603,2.4308,8.1317,0.3106,877,635,137,0,0,0,50.0,37.5383,,4.0532,0.9007,5.0146,1.5664,27.1748,1.4486,0,4,0,3219.59,818.6,
2025-09-09,1468,895,224,0,0,0,56.124,37.6022,,12.3192,4.3048,16.9714,0.5705,586,282,70,0,0,0,57.5693,33.547,,7.516,2.8218,10.5014,0.396,882,613,154,0,0,0,55.2984,39.9265,,4.8031,1.4831,6.4699,2.0031,28.938,1.21,0,4,0,3260.05,824.82,
2025-09-10,1651,714,223,0,0,0,63.7984,41.5726,,17.3087,2.4737,20.1077,0.6654,630,240,68,0,0,0,65.9915,38.6752,,12.0362,1.3614,13.6668,0.507,1021,474,155,0,0,0,62.5457,43.2333,,5.2726,1.1123,6.4409,1.9733,31.0472,1.5196,0,2,0,3314.53,833.0,
2025-09-11,1139,1213,236,0,0,0,65.4398,43.0907,,16.2422,4.8169,21.4776,0.7048,456,402,80,0,0,0,69.2964,40.5983,,11.6081,2.8996,14.8654,0.5467,683,811,156,0,0,0,63.238,44.5193,,4.6341,1.9173,6.6121,2.0157,26.7016,1.1275,0,4,0,3344.2,834.76,
2025-09-12,1504,873,211,0,0,0,71.8435,46.4202,,15.8199,4.5205,21.081,0.6812,518,340,80,0,0,0,75.4797,43.8034,,10.2224,2.925,13.8406,0.5012,986,533,131,0,0,0,69.7689,47.9192,,5.5975,1.5955,7.2403,2.1746,30.0373,1.7107,1,2,0,3395.54,847.08,
2025-09-15,1159,1243,186,0,0,0,69.2605,47.9969,,13.3291,6.0754,19.8131,0.6378,478,394,66,0,0,0,73.1343,47.1154,,7.9933,4.3594,12.6845,0.4577,681,849,120,0,0,0,67.0517,48.5015,,5.3358,1.716,7.1286,2.127,27.71,1.3543,0,4,0,3407.31,852.69,
2025-09-16,931,1462,195,0,0,0,66.2539,45.7799,,13.8845,6.0722,20.7939,0.6621,292,566,80,0,0,0,69.7228,43.5897,,9.6429,3.5693,13.9632,0.4976,639,896,115,0,0,0,64.277,47.0336,,4.2417,2.5029,6.8307,2.0418,33.4792,1.2893,1,3,0,3449.62,851.84,
2025-09-17,892,1494,202,0,0,0,62.9014,45.0233,,7.06,10.2395,17.5511,0.5645,299,563,76,0,0,0,65.032,42.3077,,3.3499,7.8874,11.4476,0.4123,593,931,126,0,0,0,61.6879,46.577,,3.7101,2.3521,6.1035,1.8339,32.7888,2.2393,3,5,0,3413.4,845.53,
2025-09-18,1683,690,215,0,0,0,68.9095,49.864,,15.0841,4.0655,19.488,0.6179,586,258,94,0,0,0,69.1898,46.2113,,8.9579,2.9964,12.1701,0.4322,1097,432,121,0,0,0,68.75,51.956,,6.1262,1.0691,7.3179,2.1649,30.8779,1.5503,1,4,0,3461.3,857.11,
2025-09-19,812,1580,196,0,0,0,62.6981,47.6487,,11.7679,9.8694,24.0713,0.7659,237,635,66,0,0,0,61.9403,43.3298,,5.019,7.9552,14.8447,0.5297,575,945,130,0,0,0,63.1292,50.1222,,6.7488,1.9143,9.2265,2.7111,31.8203,0.7551,0,2,1,3445.24,863.11,
2025-09-22,968,1442,179,0,0,0,59.8376,47.0268,,12.2671,7.7106,20.245,0.6393,331,539,68,0,0,0,58.3156,43.0096,,6.1978,5.402,11.8324,0.4191,637,903,111,0,0,0,60.7035,49.3276,,6.0694,2.3086,8.4126,2.4482,33.2119,0.9016,0,2,1,3468.65,874.36,
2025-09-23,772,1624,193,0,0,0,53.4596,45.2214,,13.1135,7.0428,20.5969,0.6474,266,595,77,0,0,0,50.6397,41.6222,,7.4059,4.0489,11.8328,0.4171,506,1029,116,0,0,0,55.0637,47.2816,,5.7076,2.994,8.7641,2.5447,32.7499,0.7983,0,5,1,3486.19,872.21,
2025-09-24,651,1775,163,0,0,0,43.4867,41.4141,,11.0756,9.1861,20.3409,0.6424,192,680,66,0,0,0,38.1663,36.4995,,5.5439,6.155,11.7411,0.4155,459,1095,97,0,0,0,46.513,44.2272,,5.5317,3.0311,8.5998,2.5228,31.4223,1.171,0,4,1,3472.14,860.94,
2025-09-25,889,1486,214,0,0,0,40.9354,41.0256,,10.7562,9.1984,20.1021,0.6355,332,529,77,0,0,0,35.5011,35.7524,,6.5275,5.6588,12.2999,0.4354,557,957,137,0,0,0,44.0267,44.044,,4.2287,3.5397,7.8022,2.3086,34.9305,0.8088,0,4,0,3471.11,852.48,
2025-09-26,335,2117,137,0,0,0,25.4349,32.634,,6.0675,12.9546,19.1954,0.622,118,771,49,0,0,0,22.6013,28.0683,,2.5419,9.7193,12.2967,0.4463,217,1346,88,0,0,0,27.0467,35.2474,,3.5256,3.2353,6.8987,2.0848,34.9681,1.3926,0,6,0,3386.05,835.19,
2025-09-29,1623,756,210,0,0,0,31.6583,37.4903,,12.5646,2.5641,15.4614,0.4944,593,267,78,0,0,0,29.6375,33.191,,8.3759,1.2221,9.8258,0.3519,1030,489,132,0,0,0,32.8078,39.9511,,4.1887,1.342,5.6356,1.6815,33.9421,1.3158,0,10,0,3431.21,846.71,
2025-09-30,732,1676,181,0,0,0,27.7155,35.3147,,7.4895,9.2226,16.9505,0.543,277,581,80,0,0,0,25.693,32.6574,,3.6511,6.9479,10.8172,0.388,455,1095,101,0,0,0,28.866,36.8357,,3.8384,2.2746,6.1334,1.837,29.7276,2.6035,1,7,1,3424.6,841.99,
2025-10-01,1113,1260,216,0,0,0,27.7542,36.9709,,11.4639,5.2439,17.5961,0.5585,383,469,86,0,0,0,24.5203,34.5784,,7.6882,3.5196,12.0461,0.4278,730,791,130,0,0,0,29.5937,38.3394,,3.7758,1.7243,5.5501,1.6565,36.7217,2.0359,1,6,0,3455.83,845.34,
2025-10-02,1586,812,192,0,0,0,32.2768,40.5049,,18.6663,5.7425,24.949,0.7724,583,290,66,0,0,0,30.597,38.207,,14.7508,3.944,19.1056,0.6606,1003,522,126,0,0,0,33.2323,41.8193,,3.9155,1.7985,5.8434,1.7287,41.5262,1.221,0,5,0,3549.21,854.25,
2025-10-10,879,1575,136,0,0,0,30.344,38.2764,,20.5525,6.5687,27.2949,0.8306,272,617,50,0,0,0,25.2665,34.365,,14.6516,4.759,19.5645,0.6644,607,958,86,0,0,0,33.2323,40.5125,,5.9008,1.8097,7.7304,2.2643,42.9253,0.8776,0,5,0,3610.6,859.49,
2025-10-13,816,1587,187,0,0,0,28.8253,35.8556,,10.3314,10.8423,21.3664,0.6545,271,590,78,0,0,0,24.6269,32.0171,,5.3255,8.8127,14.2733,0.4882,545,997,109,0,0,0,31.2121,38.0488,,5.0059,2.0296,7.093,2.0779,37.8322,0.7617,0,6,0,3584.55,860.49,
2025-10-14,777,1642,171,0,0,0,26.6615,33.7471,,10.0539,17.8083,28.0229,0.8647,312,558,69,0,0,0,24.5203,29.9893,,5.5923,12.8092,18.5508,0.6386,465,1084,102,0,0,0,27.8788,35.8927,,4.4616,4.9991,9.4721,2.8216,33.7454,1.8286,1,6,0,3561.81,847.96,
2025-10-15,1991,437,162,0,0,0,36.2442,40.225,,20.1139,1.4895,21.9083,0.6588,753,125,61,0,0,0,35.2878,38.8474,,12.863,0.7628,13.9021,0.4662,1238,312,101,0,0,0,36.7879,41.0116,,7.2509,0.7266,8.0062,2.3313,33.3899,1.0764,0,6,0,3657.28,864.72,
2025-10-16,1041,1362,187,0,0,0,37.7125,41.5438,,19.0793,6.3301,25.5614,0.7521,485,386,68,0,0,0,40.9382,42.476,,14.5574,3.0377,17.666,0.5781,556,976,119,0,0,0,35.8788,41.0116,,4.5218,3.2923,7.8954,2.3052,32.6842,1.1454,1,3,0,3748.37,865.41,
2025-10-17,504,1934,152,0,0,0,30.796,36.1768,,13.4044,10.1811,23.8838,0.7038,218,664,57,0,0,0,34.8614,37.2068,,10.5769,6.2172,16.9787,0.5554,286,1270,95,0,0,0,28.4848,35.5881,,2.8275,3.9639,6.9051,2.0524,32.3422,1.0482,0,4,0,3748.89,859.54,
2025-10-20,1540,869,181,0,0,0,35.626,38.9298,,18.7386,2.6311,21.6167,0.626,591,281,67,0,0,0,42.3241,41.791,,12.5529,1.5023,14.1735,0.4556,949,588,114,0,0,0,31.8182,37.2943,,6.1857,1.1288,7.4432,2.1735,29.9238,1.221,0,3,0,3814.69,875.77,
2025-10-21,939,1446,205,0,0,0,36.3601,38.7747,,14.272,12.7428,27.4554,0.7932,362,495,82,0,0,0,44.0299,41.8977,,9.2576,9.2938,18.8666,0.6047,577,951,123,0,0,0,32.0,36.9896,,5.0144,3.449,8.5888,2.5155,29.9919,1.5153,0,6,0,3823.84,872.5,
2025-10-22,1500,895,195,0,0,0,41.1901,42.6134,,17.5819,4.3743,22.1893,0.6321,631,243,65,0,0,0,53.4115,48.1876,,13.3071,2.0684,15.4813,0.4886,869,652,130,0,0,0,34.2424,39.4272,,4.2748,2.3059,6.708,1.9607,31.655,1.5278,1,5,0,3883.68,879.15,
2025-10-23,700,1695,195,0,0,0,37.3117,38.9535,,10.1115,12.2801,22.5554,0.6488,258,600,81,0,0,0,46.8017,44.3497,,5.9167,10.0,16.0263,0.5109,442,1095,114,0,0,0,31.92,35.8709,,4.1948,2.2801,6.5291,1.9229,31.8451,1.5444,0,5,0,3845.56,872.03,
2025-10-24,1138,1253,199,0,0,0,39.4361,41.124,,20.5191,4.4985,25.3267,0.7119,469,403,67,0,0,0,49.7868,46.6951,,15.2389,2.4033,17.8025,0.5538,669,850,132,0,0,0,33.5554,37.9415,,5.2802,2.0952,7.5242,2.1942,30.6161,1.1608,0,5,0,3941.59,883.08,
2025-10-27,1347,1060,183,0,0,0,45.4616,43.6822,,21.8298,4.9068,27.3034,0.7488,556,317,66,0,0,0,57.9957,51.2793,,16.8321,3.1041,20.0462,0.608,791,743,117,0,0,0,38.3404,39.3423,,4.9976,1.8027,7.2572,2.0779,29.3428,1.1215,0,2,0,4042.83,902.7,
2025-10-28,998,1378,215,0,0,0,45.2684,44.3411,,13.8042,12.4746,26.5043,0.7323,374,497,68,0,0,0,57.9957,51.8124,,9.5482,9.9685,19.6919,0.6022,624,881,147,0,0,0,38.0376,40.0731,,4.256,2.5061,6.8124,1.9492,36.8785,0.9246,0,5,0,4010.41,903.3,
2025-10-29,798,1591,202,0,0,0,41.4446,41.7054,,22.6967,6.7351,29.8472,0.8113,302,559,78,0,0,0,52.1322,47.6546,,17.0255,4.6935,22.0104,0.6612,496,1032,124,0,0,0,35.3725,38.3069,,5.6712,2.0416,7.8368,2.2393,35.7558,1.3386,0,5,0,4081.15,901.59,
2025-10-30,470,1989,132,0,0,0,33.0243,36.3038,,18.8858,12.2895,31.4668,0.8548,189,700,50,0,0,0,42.9638,42.8571,,14.5457,9.1055,23.7601,0.7123,281,1289,82,0,0,0,27.3773,32.5624,,4.3401,3.1841,7.7067,2.2285,37.9177,1.3464,0,4,0,4086.89,890.86,
2025-10-31,1020,1379,192,0,0,0,33.3333,36.7157,,19.5041,11.1044,30.9579,0.8359,317,553,69,0,0,0,40.4051,40.8316,,14.2781,8.422,22.9839,0.6852,703,826,123,0,0,0,29.3156,34.3674,,5.226,2.6824,7.974,2.2805,42.0134,0.5916,0,5,0,4107.5,900.42,
2025-11-03,816,1650,125,0,0,0,30.9386,34.6883,,26.6956,6.0073,33.9292,0.8924,287,606,46,0,0,0,36.1407,37.8465,,18.459,4.1206,22.6907,0.6581,529,1044,79,0,0,0,27.983,32.8875,,8.2367,1.8866,11.2385,3.1742,36.2292,0.7093,0,7,0,4221.87,914.55,
2025-11-04,1039,1384,169,0,0,0,30.4633,34.8684,,12.0128,17.5269,30.2022,0.8116,378,500,61,0,0,0,35.5698,38.3795,,4.9775,14.6586,20.2456,0.602,661,884,108,0,0,0,27.5591,32.8676,,7.0353,2.8683,9.9566,2.7778,34.8687,0.8255,0,4,0,4121.74,926.57,
2025-11-05,491,1974,127,0,0,0,22.7027,29.1683,,7.4173,30.4744,38.0913,1.0537,167,730,42,0,0,0,25.6656,32.3028,,3.8136,25.3934,29.2589,0.896,324,1244,85,0,0,0,21.0176,27.3831,,3.6037,5.081,8.8324,2.526,40.6502,0.9374,0,6,0,4004.42,901.89,
2025-11-06,1440,996,156,0,0,0,26.7181,31.5545,,14.4506,15.4015,29.9588,0.8255,628,262,49,0,0,0,34.3983,37.42,,10.7838,10.2158,21.0615,0.6417,812,734,107,0,0,0,22.3501,28.216,,3.6668,5.1857,8.8972,2.5657,38.7413,0.8471,0,9,0,4026.45,898.17,
2025-11-07,476,1961,155,0,0,0,21.6602,26.7491,,6.656,18.9896,26.4354,0.7418,209,673,57,0,0,0,27.7955,32.1962,,2.92,15.1541,18.3562,0.5696,267,1288,98,0,0,0,18.1708,23.6507,,3.7359,3.8355,8.0792,2.3701,36.3395,0.7172,0,2,0,3953.76,876.81,
2025-11-10,2067,390,136,0,0,0,32.8958,34.5187,,19.7476,2.7014,23.0335,0.6284,799,98,42,0,0,0,45.4739,44.9893,,14.7553,1.3122,16.4656,0.496,1268,292,94,0,0,0,25.742,28.5628,,4.9923,1.3892,6.5679,1.9001,37.1216,0.8229,0,4,1,4073.24,888.35,
2025-11-11,882,1523,188,0,0,0,32.1236,33.3978,,18.2844,8.9172,27.3858,0.7417,337,537,65,0,0,0,43.344,43.2836,,14.1408,5.479,19.7531,0.59,545,986,123,0,0,0,25.742,27.7744,,4.1436,3.4382,7.6327,2.217,38.6152,0.8004,0,5,2,4106.39,884.27,
2025-11-12,2060,402,131,0,0,0,44.1699,40.2397,,14.2518,8.3743,22.7342,0.6089,782,115,42,0,0,0,57.508,52.5586,,8.9493,6.5928,15.5983,0.4611,1278,287,89,0,0,0,36.5839,33.2323,,5.3025,1.7815,7.1359,2.0321,27.5979,0.7258,0,9,0,4150.39,906.51,
2025-11-13,1313,1063,217,0,0,0,48.6486,41.2447,,14.0145,9.5256,24.2591,0.6462,474,378,87,0,0,0,60.1704,53.6247,,9.0565,7.8448,17.4171,0.5123,839,685,130,0,0,0,42.0957,34.2025,,4.958,1.6807,6.842,1.9303,32.3191,1.4106,0,2,0,4170.63,918.37,
2025-11-14,489,1939,166,0,0,0,39.4595,35.4465,,5.6371,18.2994,24.7256,0.684,168,712,59,0,0,0,50.2662,48.8273,,2.9497,14.426,17.404,0.5324,321,1227,107,0,0,0,33.3131,27.8351,,2.6874,3.8734,7.3216,2.1155,36.1918,0.8981,0,5,2,4011.57,897.9,
2025-11-17,1008,1420,167,0,0,0,37.7992,36.1036,,14.7709,5.0678,20.6436,0.5607,389,487,63,0,0,0,48.3493,47.9744,,10.9684,3.1573,14.2977,0.4289,619,933,104,0,0,0,31.7989,29.3511,,3.8025,1.9105,6.3459,1.8221,34.2894,0.7418,0,4,2,4089.25,902.67,
2025-11-18,275,2208,114,0,0,0,26.4093,27.6768,,4.0019,15.8693,21.1251,0.5931,81,813,45,0,0,0,31.8424,38.0597,,1.1732,12.2823,13.7062,0.4254,194,1395,69,0,0,0,23.3192,21.7708,,2.8287,3.587,7.4188,2.1832,32.737,1.0281,0,3,1,3953.62,878.7,
2025-11-19,1046,1365,187,0,0,0,26.5251,27.5609,,8.4056,12.4102,21.0148,0.5937,460,413,66,0,0,0,33.9723,37.8465,,4.4133,9.9697,14.5277,0.4537,586,952,121,0,0,0,22.2895,21.7101,,3.9923,2.4405,6.4871,1.9215,32.6381,0.7958,0,5,1,3929.51,871.32,
2025-11-20,2020,432,146,0,0,0,35.6371,33.3978,,17.7459,2.7124,21.4066,0.5928,744,138,57,0,0,0,45.3674,46.3753,,13.34,1.3991,14.9216,0.4572,1276,294,89,0,0,0,30.103,26.0158,,4.4059,1.3133,6.485,1.8697,37.3613,0.701,0,5,0,4004.85,891.94,
2025-11-21,405,2065,129,0,0,0,28.4832,27.329,,3.9638,15.6465,20.4904,0.5893,178,710,51,0,0,0,37.4867,38.5928,,1.4993,12.4475,14.0695,0.4481,227,1355,78,0,0,0,23.3656,20.9218,,2.4645,3.1991,6.4209,1.9034,39.9965,1.1442,1,4,0,3853.26,863.95,
2025-11-24,885,1539,176,0,0,0,26.8236,26.0819,,11.324,15.1575,27.176,0.7809,301,572,66,0,0,0,34.2918,37.3134,,7.938,12.5615,21.1117,0.6713,584,967,110,0,0,0,22.5787,19.697,,3.386,2.5959,6.0643,1.8076,38.8333,0.6145,0,4,1,3846.06,856.44,
2025-11-25,1036,1379,187,0,0,0,26.0903,24.8068,38.0087,10.8987,8.1362,19.3467,0.5541,322,549,70,0,0,0,31.7359,34.1151,49.6781,6.6861,6.07,12.9985,0.4119,714,830,117,0,0,0,22.8814,19.5152,31.207,4.2126,2.0662,6.3482,1.8899,34.9321,0.9155,0,4,0,3857.78,856.03,
2025-11-26,2006,445,151,0,0,0,36.5496,30.4096,41.3739,20.3278,1.6508,22.0274,0.6147,768,121,52,0,0,0,47.3908,42.7505,54.2918,15.1428,0.429,15.61,0.4818,1238,324,99,0,0,0,30.3874,23.3939,33.8538,5.1849,1.2218,6.4174,1.8701,39.0693,0.7543,0,5,0,3960.87,877.32,
2025-11-27,1137,1255,210,0,0,0,37.0513,30.0618,41.1208,13.2602,6.3708,20.2839,0.5625,387,479,75,0,0,0,45.8999,42.1109,53.5906,8.2419,4.3306,12.8538,0.3942,750,776,135,0,0,0,32.0218,23.2121,33.8538,5.0183,2.0402,7.4302,2.1526,37.2284,0.6425,0,5,0,3986.91,880.06,
2025-11-28,1883,545,175,0,0,0,51.3889,35.9351,44.633,11.168,9.9222,21.4585,0.6011,593,277,71,0,0,0,55.1651,46.162,56.5916,2.8432,8.6519,11.8285,0.3684,1290,268,104,0,0,0,49.2438,30.1212,37.664,8.3249,1.2702,9.63,2.6822,31.828,0.6058,0,6,0,3926.59,912.67,
2025-12-01,1172,1217,214,0,0,0,52.8164,37.8284,44.4751,12.2193,8.4213,20.7924,0.5827,381,484,76,0,0,0,53.8871,46.3753,54.9839,6.2042,5.4683,11.7381,0.366,791,733,138,0,0,0,52.2081,32.9697,38.351,6.0151,2.953,9.0543,2.507,30.283,0.8986,0,4,0,3920.37,922.38,
2025-12-02,1629,764,210,0,0,0,58.7963,42.4266,45.9353,17.2799,3.3514,21.0302,0.5789,636,224,81,0,0,0,61.1289,51.919,57.5563,10.3138,1.6908,12.368,0.3785,993,540,129,0,0,0,57.4713,37.0303,39.163,6.9661,1.6605,8.6623,2.3749,30.6795,1.2655,0,5,0,3994.93,928.42,
2025-12-03,1624,779,200,0,0,0,65.9722,46.7929,48.1058,16.3887,5.3204,22.061,0.6014,651,225,65,0,0,0,69.7551,58.742,60.6645,10.1855,3.112,13.5005,0.409,973,554,135,0,0,0,63.8234,40.0,40.787,6.2033,2.2084,8.5606,2.332,34.0866,1.2549,0,9,0,4036.3,932.01,
2025-12-04,795,1614,194,0,0,0,60.2777,45.2298,46.8639,15.4578,9.0186,24.807,0.6767,280,591,70,0,0,0,64.3237,56.3966,59.9143,7.2884,6.2876,13.6452,0.414,515,1023,124,0,0,0,57.9807,38.8855,39.2634,8.1693,2.7311,11.1618,3.0185,30.6968,1.0277,0,5,0,4028.51,929.83,
2025-12-05,1472,934,198,0,0,0,64.1728,49.0537,48.3438,18.6782,6.4747,25.4093,0.6822,595,275,71,0,0,0,69.9681,61.7271,62.2722,13.8842,2.2701,16.2888,0.4856,877,659,127,0,0,0,60.8827,41.8534,40.2371,4.7941,4.2046,9.1206,2.4634,34.0481,0.9636,0,11,0,4100.05,924.74,
2025-12-08,947,1444,213,0,0,0,61.4346,47.8563,48.0489,15.0701,7.372,23.2845,0.6182,312,549,80,0,0,0,65.6017,60.661,61.2004,10.5369,3.9458,15.0519,0.4428,635,895,133,0,0,0,59.0689,40.5815,40.399,4.5332,3.4263,8.2327,2.2385,30.8242,1.139,0,6,0,4154.85,927.79,
2025-12-09,1013,1374,217,0,0,0,59.7763,47.8949,48.1087,11.0337,8.867,21.2542,0.5652,397,473,71,0,0,0,63.1523,60.2345,60.5573,6.6667,6.4714,13.2423,0.3906,616,901,146,0,0,0,57.8597,40.8843,40.8723,4.3671,2.3956,8.0119,2.1665,34.7441,1.3099,1,7,1,4143.55,931.35,
2025-12-10,870,1538,197,0,0,0,57.98,46.7748,47.7935,11.0401,8.9475,20.6332,0.5494,281,588,72,0,0,0,58.9989,58.3156,59.4855,5.3828,6.9088,12.4415,0.3677,589,950,125,0,0,0,57.4018,40.218,40.9969,5.6573,2.0387,8.1916,2.2047,34.0474,1.1348,0,8,0,4135.0,935.0,
2025-12-11,1500,910,196,0,0,0,65.1252,50.4828,49.9606,13.8088,13.877,28.579,0.7648,549,321,71,0,0,0,67.0927,61.4072,62.5938,9.0166,10.7565,20.1517,0.599,951,589,125,0,0,0,64.0097,44.2762,42.6168,4.7923,3.1206,8.4274,2.2625,31.8359,0.9248,0,7,0,4110.62,934.64,
2025-12-12,1517,889,201,0,0,0,70.0039,53.3797,51.5951,21.4341,4.4812,26.594,0.7023,653,219,69,0,0,0,75.6124,66.2047,64.523,14.1548,2.1571,16.5698,0.4858,864,670,132,0,0,0,66.8275,46.0933,44.0847,7.2793,2.324,10.0242,2.6661,33.0489,0.6651,0,4,0,4167.16,937.34,
2025-12-15,1009,1415,184,0,0,0,66.1278,52.4141,50.768,11.1947,12.864,24.7029,0.6631,348,527,66,0,0,0,72.098,65.2452,63.7728,4.3599,10.3115,15.2637,0.4558,661,888,118,0,0,0,62.7486,45.1242,43.213,6.8348,2.5525,9.4392,2.5075,33.6698,0.7608,0,8,0,4090.59,938.83,
2025-12-16,477,1997,135,0,0,0,52.3095,45.7143,48.6614,8.8745,16.7455,27.9154,0.7662,185,709,48,0,0,0,59.8509,57.508,62.701,4.2978,11.8785,16.3527,0.4995,292,1288,87,0,0,0,48.041,39.0067,40.5103,4.5766,4.867,11.5628,3.1314,36.3788,0.8322,0,10,0,3999.13,916.11,
2025-12-17,1303,1101,206,0,0,0,53.4052,48.1853,49.2719,12.2796,8.9584,22.8356,0.6191,531,340,71,0,0,0,62.3003,61.2354,63.4512,8.4072,4.2217,12.996,0.3911,772,761,135,0,0,0,48.3735,40.7632,41.0448,3.8723,4.7366,9.8396,2.6912,34.7285,1.3357,1,13,0,4056.41,911.07,
2025-12-18,608,1832,171,0,0,0,44.8077,44.1699,47.8158,9.892,11.5742,21.6648,0.5958,193,684,65,0,0,0,51.7572,56.443,62.1651,4.1823,8.6813,12.9519,0.3958,415,1148,106,0,0,0,40.879,37.1896,39.49,5.7097,2.8929,8.713,2.3926,34.9916,2.7737,2,13,0,3994.51,901.33,
2025-12-19,1689,740,183,0,0,0,51.3067,48.61,49.3113,15.238,9.5789,25.5649,0.6977,605,272,65,0,0,0,58.2359,60.0639,63.4512,8.3576,7.5838,16.2962,0.4948,1084,468,118,0,0,0,47.3811,42.0957,41.107,6.8804,1.9951,9.2687,2.5032,30.6318,1.4323,1,8,1,4020.55,915.27,
2025-12-22,1584,827,201,0,0,0,57.2252,51.8147,51.3769,19.4058,3.6771,23.9217,0.6394,532,340,70,0,0,0,60.5739,61.3419,64.6302,10.591,2.2304,12.9733,0.3857,1052,487,131,0,0,0,55.3281,46.3961,43.6917,8.8148,1.4467,10.9484,2.9023,35.2052,1.2865,0,12,3,4105.93,929.14,
2025-12-23,534,1897,182,0,0,0,44.043,47.5676,48.2691,14.1965,9.1425,23.9319,0.639,216,653,73,0,0,0,49.9469,57.082,62.1651,8.7616,4.2536,13.4514,0.3987,318,1244,109,0,0,0,40.6984,42.1563,40.2113,5.4349,4.8888,10.4805,2.8173,34.3829,0.8477,0,12,4,4117.32,919.56,
2025-12-24,961,1422,230,0,0,0,41.6827,46.7181,48.3084,11.7709,9.448,22.2729,0.5959,377,479,86,0,0,0,47.5027,56.9755,61.9507,4.8007,6.7441,11.9124,0.3539,584,943,144,0,0,0,38.3875,40.8843,40.3978,6.9702,2.704,10.3605,2.7889,32.5949,0.7126,0,6,0,4108.62,915.2,
2025-12-26,855,1582,177,0,0,0,35.728,45.251,47.5029,16.6208,8.985,25.8266,0.6873,243,639,60,0,0,0,37.407,53.1416,60.343,10.1462,5.9584,16.1805,0.478,612,943,117,0,0,0,34.7774,40.7632,40.0621,6.4747,3.0266,9.6461,2.587,39.9023,1.5517,0,13,0,4129.68,919.67,
2025-12-29,1129,1320,165,0,0,0,32.501,40.9653,44.558,20.235,4.0702,25.0075,0.6514,316,569,57,0,0,0,28.7991,44.4089,55.4126,12.1667,2.3838,14.6257,0.4228,813,751,108,0,0,0,34.5969,39.0067,38.2754,8.0683,1.6864,10.3818,2.7325,37.058,1.8337,1,8,0,4220.56,932.59,
2025-12-30,933,1495,187,0,0,0,30.4648,40.1544,44.6758,13.4149,8.7214,22.3444,0.5832,327,544,71,0,0,0,25.2922,41.7465,54.9839,8.219,4.8251,13.1767,0.3816,606,951,116,0,0,0,33.3935,39.2489,38.7097,5.1959,3.8962,9.1677,2.4246,37.4505,2.1224,1,8,1,4214.17,925.47,
2026-01-02,1458,1001,156,0,0,0,39.224,42.8185,45.0688,20.8488,5.8168,26.9478,0.6876,372,519,51,0,0,0,28.3741,38.5517,52.09,13.6696,4.0324,17.76,0.5027,1086,482,105,0,0,0,45.367,45.2453,41.005,7.1792,1.7844,9.1878,2.3791,38.4108,1.1888,0,11,2,4309.63,945.57,
2026-01-05,1192,1262,161,0,0,0,40.2074,43.0888,45.4224,27.5557,5.2385,33.0249,0.8159,435,446,61,0,0,0,30.3932,39.2971,52.5188,20.2477,2.5375,22.9848,0.6285,757,816,100,0,0,0,45.7607,45.2453,41.3151,7.308,2.701,10.04,2.5703,41.9742,1.3149,0,6,0,4457.52,957.5,
2026-01-06,961,1472,182,0,0,0,37.6344,41.2355,45.1473,26.2074,7.6706,34.4989,0.8414,395,477,70,0,0,0,31.5622,39.0841,52.9475,21.286,3.9815,25.8351,0.696,566,995,112,0,0,0,41.0704,42.4591,40.6328,4.9214,3.6891,8.6637,2.2301,44.1378,1.686,0,8,0,4525.48,955.97,
2026-01-07,569,1897,149,0,0,0,31.5668,36.6654,43.0479,26.2554,11.8087,38.3457,0.931,198,680,64,0,0,0,25.5048,34.5048,49.4647,21.0007,7.9671,29.1889,0.7817,371,1217,85,0,0,0,34.997,37.8935,39.33,5.2547,3.8416,9.1568,2.3796,46.734,1.0252,0,12,0,4551.06,947.39,
2026-01-08,527,1959,129,0,0,0,25.5662,32.1883,40.2434,17.2017,18.2663,35.6223,0.8656,173,726,43,0,0,0,19.1286,28.541,45.2406,12.1963,15.0383,27.2588,0.7302,354,1233,86,0,0,0,29.2067,34.2615,37.3449,5.0054,3.2279,8.3635,2.1873,45.1772,1.3329,0,10,2,4552.37,944.06,
2026-01-09,1423,998,194,0,0,0,29.5856,35.0444,41.1464,21.1403,9.6939,31.2662,0.7541,537,336,69,0,0,0,22.5292,31.9489,46.4171,16.5871,6.9066,23.7883,0.6324,886,662,125,0,0,0,33.5736,36.8039,38.0893,4.5531,2.7872,7.4779,1.9455,43.5636,1.2382,0,12,0,4586.32,947.92,
2026-01-12,1372,1049,194,0,0,0,33.6786,38.325,42.7169,20.4708,10.6885,31.4807,0.7533,527,346,69,0,0,0,28.4803,36.7412,48.984,14.7003,8.1435,23.0631,0.608,845,703,125,0,0,0,36.6146,39.2252,39.0819,5.7705,2.5449,8.4176,2.1823,38.5221,1.3189,1,10,0,4624.79,949.81,
2026-01-13,1058,1381,176,0,0,0,35.2377,38.2092,42.8011,22.4132,11.3971,34.0752,0.8049,445,429,68,0,0,0,33.1562,36.8477,48.877,16.7807,8.5219,25.4686,0.6618,613,952,108,0,0,0,36.4127,38.9831,39.2813,5.6325,2.8752,8.6066,2.2344,39.3648,1.2148,0,12,0,4692.64,948.98,
2026-01-14,1205,1235,175,0,0,0,35.8758,40.4321,43.2941,21.49,9.9023,31.8794,0.749,554,333,55,0,0,0,38.0042,41.0011,50.1604,17.6969,6.5311,24.2884,0.6271,651,902,120,0,0,0,34.6731,40.1089,39.3189,3.7932,3.3712,7.591,1.9812,37.3644,1.4361,0,15,0,4723.1,942.18,
2026-01-15,1290,1142,185,0,0,0,38.9655,41.5895,44.218,27.3148,5.8917,33.5845,0.7767,483,385,74,0,0,0,42.0382,41.5335,51.7647,19.5796,4.1541,24.0525,0.6111,807,757,111,0,0,0,37.2302,41.6213,39.8515,7.7352,1.7376,9.532,2.4575,33.6873,0.9403,0,17,0,4797.55,951.16,
2026-01-16,903,1539,175,0,0,0,37.4186,39.7762,43.9828,25.0111,12.8806,38.4016,0.8803,373,500,69,0,0,0,40.4459,42.1725,51.9786,17.4889,9.0605,26.9353,0.6777,530,1039,106,0,0,0,35.71,38.415,39.3564,7.5221,3.8202,11.4663,2.9561,34.2925,0.7849,0,11,0,4840.74,954.59,
2026-01-19,1173,1283,161,0,0,0,40.0077,40.4321,43.5907,30.5914,6.1287,37.232,0.8421,395,484,63,0,0,0,43.0998,41.3206,51.6578,20.5124,4.472,25.4493,0.632,778,799,98,0,0,0,38.2635,39.9274,38.9233,10.079,1.6567,11.7827,2.9843,35.5697,1.1521,0,17,0,4904.66,968.36,
2026-01-20,1764,700,153,0,0,0,48.124,45.7385,46.2564,19.9728,19.887,40.192,0.912,663,227,52,0,0,0,53.5032,48.9883,55.2941,11.3046,15.5594,27.1412,0.6772,1101,473,101,0,0,0,45.0898,43.8936,41.0272,8.6683,4.3276,13.0508,3.2713,32.5461,0.9409,0,14,0,4885.75,976.37,
2026-01-21,555,1940,122,0,0,0,38.9591,39.6452,43.2602,28.8119,17.4284,46.3845,1.0482,183,709,50,0,0,0,43.949,42.1725,51.3369,17.9377,12.4372,30.4984,0.7566,372,1231,72,0,0,0,36.146,38.2104,38.59,10.8742,4.9912,15.8861,4.0312,39.9712,0.8022,0,14,1,4909.93,951.29,
2026-01-22,1474,950,193,0,0,0,46.1921,44.0417,45.3762,28.7441,16.4562,45.8226,1.0261,562,313,67,0,0,0,51.9108,47.6038,53.0481,20.183,11.9953,32.5984,0.802,912,637,126,0,0,0,42.9683,42.0193,40.94,8.5611,4.4609,13.2243,3.297,37.6561,0.769,0,14,0,4952.53,970.35,
2026-01-23,1773,687,157,0,0,0,58.7988,51.2919,48.3934,23.9617,18.7347,43.5188,0.9663,676,210,56,0,0,0,65.4989,54.8456,56.6845,16.2872,12.9882,29.9772,0.7321,1097,477,101,0,0,0,55.0239,49.2745,43.5993,7.6745,5.7465,13.5416,3.3099,37.0068,1.1278,0,12,1,4990.07,993.93,
2026-01-26,1786,697,134,0,0,0,71.0406,59.0208,50.8621,21.7395,16.8598,41.8661,0.9316,502,389,51,0,0,0,71.2314,58.36,57.9679,7.5604,11.9179,22.7199,0.5595,1284,308,83,0,0,0,70.933,59.3958,46.7532,14.1791,4.9419,19.1462,4.4212,34.2849,0.702,0,13,0,4949.59,1064.41,
2026-01-27,1259,1184,174,0,0,0,70.7839,60.4624,51.3514,30.8132,10.815,41.8601,0.9079,409,472,61,0,0,0,69.6391,58.6794,57.754,21.1549,7.5705,28.7808,0.69,850,712,113,0,0,0,71.4286,61.4734,47.6514,9.6583,3.2445,13.0793,2.976,38.2406,0.7394,0,13,0,5084.85,1082.59,
2026-01-28,1282,1155,180,0,0,0,70.4398,61.2245,51.6255,36.3413,10.1085,47.0664,1.002,429,439,74,0,0,0,69.7452,58.36,57.4332,23.1756,7.2312,30.9307,0.7289,853,716,106,0,0,0,70.8308,62.8468,48.2695,13.1657,2.8773,16.1357,3.555,35.0482,0.9627,0,8,0,5170.81,1133.52,
2026-01-29,1516,911,190,0,0,0,73.4226,63.9723,53.5057,36.3421,15.9747,52.7862,1.1114,576,286,80,0,0,0,73.9915,62.3003,59.0374,23.0138,12.8131,36.1537,0.8442,940,625,110,0,0,0,73.1022,64.9186,50.309,13.3283,3.1616,16.6325,3.5647,38.4959,1.0638,0,8,0,5221.25,1164.41,
2026-01-30,725,1743,149,0,0,0,65.2008,59.0069,51.0772,24.3657,24.9084,51.9816,1.0945,277,602,63,0,0,0,67.3036,58.9989,57.1123,15.9748,18.8795,35.2321,0.8221,448,1141,86,0,0,0,64.0167,59.0115,47.5896,8.3909,6.0289,16.7496,3.612,41.4504,1.3183,1,5,0,5224.36,1149.44,
2026-02-02,357,2159,102,0,0,0,46.9216,47.6722,46.886,7.1622,36.6412,43.9764,0.9764,115,795,32,0,0,0,46.8153,46.9649,53.0481,2.3897,28.8784,31.318,0.7715,242,1364,70,0,0,0,46.9815,48.0723,43.3251,4.7725,7.7629,12.6584,2.8456,41.1791,1.066,0,8,0,4949.67,1098.36,
2026-02-03,2138,353,127,0,0,0,62.7916,57.5769,50.9205,40.1402,2.2823,42.4811,0.8847,824,75,43,0,0,0,66.879,59.5314,57.5401,29.8376,0.787,30.6347,0.7062,1314,278,84,0,0,0,60.4901,56.472,47.0952,10.3026,1.4953,11.8464,2.5541,40.6225,1.0689,0,12,0,5288.08,1144.33,
2026-02-04,1752,718,148,0,0,0,69.8662,63.6049,53.7407,30.3429,10.5748,41.1722,0.8454,747,155,40,0,0,0,75.4777,68.7566,61.6043,23.7328,6.8989,30.669,0.6963,1005,563,108,0,0,0,66.7065,60.6863,49.1965,6.6101,3.6759,10.5032,2.2542,35.0313,0.9303,0,20,0,5371.1,1149.43,
2026-02-05,701,1759,158,0,0,0,62.9446,59.2621,52.3306,10.1085,32.3748,42.8099,0.914,307,575,60,0,0,0,70.913,65.1435,60.9626,5.8609,25.7903,31.9256,0.7543,394,1184,98,0,0,0,58.4579,55.9302,47.3424,4.2476,6.5846,10.8842,2.4119,38.4629,0.8729,0,9,0,5163.57,1108.41,
2026-02-06,552,1925,141,107,113,2531,52.1606,53.3436,50.1371,11.7524,29.0847,41.0283,0.8896,191,699,52,46,22,932,60.2972,58.3422,57.6471,6.3693,23.7681,30.268,0.7257,361,1226,89,61,91,1599,47.5792,50.5117,45.7973,5.3831,5.3166,10.7604,2.4392,40.7408,1.225,0,8,1,5089.14,1080.77,
2026-02-09,1986,477,155,183,65,2533,63.0593,60.0845,53.4665,33.4206,2.4557,36.1593,0.7533,714,172,56,81,14,932,69.6391,65.7811,62.246,25.1551,1.1379,26.4391,0.6091,1272,305,99,102,51,1601,59.3545,56.8592,48.3931,8.2655,1.3178,9.7202,2.1155,37.7338,0.8824,0,11,0,5298.04,1127.55,
2026-02-10,1644,822,152,171,56,2534,68.5518,65.3477,55.2291,16.5495,16.3911,33.2068,0.692,688,207,47,94,16,933,74.9469,72.051,64.7059,10.6096,12.4374,23.1388,0.5328,956,615,105,77,40,1601,64.9552,61.5523,49.7528,5.9399,3.9538,10.068,2.2074,31.7389,0.9541,0,10,1,5301.69,1115.2,
2026-02-11,1306,1127,185,179,62,2534,69.9274,66.3849,55.9342,24.8144,9.9881,35.2556,0.7279,539,338,65,105,17,933,77.6008,72.7949,65.6684,18.7701,6.6753,25.7431,0.5869,767,789,120,74,45,1601,65.6119,62.7557,50.309,6.0442,3.3128,9.5125,2.083,36.9575,0.9605,0,7,0,5354.49,1114.87,
2026-02-12,1448,979,191,221,59,2534,71.3412,68.8436,57.3443,33.3479,8.8562,43.406,0.8709,616,271,55,135,17,933,80.4671,76.1955,68.0214,25.891,5.5294,32.4411,0.717,832,708,136,86,42,1601,66.209,64.6811,51.1743,7.4569,3.3268,10.9649,2.3862,41.5124,0.6924,0,12,0,5522.27,1125.99,
2026-02-13,700,1767,151,175,125,2534,61.5972,64.5025,55.4642,22.1489,17.6204,40.0458,0.8057,335,545,62,105,22,933,75.1592,73.4325,66.738,17.4995,12.8874,30.6069,0.6776,365,1222,89,70,103,1601,53.9701,59.4465,48.9493,4.6494,4.733,9.4389,2.0827,38.886,0.8799,0,6,2,5507.01,1106.08,
2026-02-19,1705,776,137,292,140,2534,65.9152,68.0108,58.441,35.5267,4.4621,40.3264,0.7859,664,232,46,157,23,933,79.724,78.1084,69.9465,26.5591,2.5346,29.1537,0.6257,1041,544,91,135,117,1601,58.1493,62.2971,51.7923,8.9677,1.9275,11.1726,2.3653,34.4439,0.9672,0,11,0,5677.25,1160.71,
2026-02-20,1145,1309,164,278,144,2535,64.5778,67.8955,59.1069,34.7141,8.9186,43.8011,0.8366,543,340,59,151,27,933,81.2102,79.4899,71.5508,27.9995,5.1074,33.1773,0.6962,602,969,105,127,117,1602,55.2239,61.3349,51.9159,6.7145,3.8112,10.6238,2.2593,34.8609,1.1086,0,11,0,5808.53,1154.0,
2026-02-23,1388,1082,148,259,132,2536,65.6859,70.0077,60.5562,29.5946,13.4273,43.4588,0.8252,543,347,52,127,26,933,83.0149,81.6153,73.5829,21.9857,9.0937,31.4646,0.6561,845,735,96,132,106,1603,55.9403,63.4396,53.0284,7.6089,4.3336,11.9943,2.5484,33.3576,1.0535,0,16,0,5846.09,1151.99,
2026-02-24,1262,1168,188,228,86,2537,66.9469,71.3244,61.0023,31.9152,10.2494,42.7216,0.7948,405,465,72,110,16,933,84.0764,83.2094,73.1551,23.887,7.2025,31.5775,0.6446,857,703,116,118,70,1604,57.3134,64.6034,53.9839,8.0282,3.0469,11.1441,2.3388,35.9911,1.091,0,18,2,5969.64,1165.0,
2026-02-25,1059,1385,174,203,93,2538,66.2591,70.7982,60.3914,35.3047,10.8447,46.3859,0.8481,445,434,63,113,16,933,84.5011,82.7843,73.369,28.9906,6.34,35.5043,0.7111,614,951,111,90,77,1605,56.0,64.024,52.9012,6.3141,4.5046,10.8816,2.2836,35.405,0.8172,0,16,1,6083.86,1165.25,
2026-02-26,638,1848,132,195,138,2538,57.1647,65.4392,57.8082,42.6548,10.829,53.9057,0.9519,239,658,45,106,28,933,74.5223,78.4272,70.3743,32.7818,6.3757,39.3741,0.7605,399,1190,87,89,110,1605,47.403,58.1032,50.5556,9.873,4.4533,14.5316,2.9924,37.4001,0.6885,0,9,0,6307.27,1188.15,
2026-02-27,702,1765,151,140,173,2538,50.2866,62.385,56.3209,25.4158,39.431,66.3566,1.1826,263,625,54,66,33,933,66.4544,76.0893,68.3422,19.4262,34.9582,54.9783,1.073,439,1140,97,74,140,1605,41.194,54.6491,49.3827,5.9896,4.4728,11.3783,2.3361,43.645,0.5551,0,9,1,6244.13,1192.78,
2026-03-03,242,2290,86,80,296,2539,29.7287,47.6811,50.6849,13.6148,49.6909,63.3356,1.2149,73,840,29,30,63,933,39.0658,60.1911,62.8877,9.5555,41.4448,51.006,1.0744,169,1450,57,50,233,1606,24.4776,40.6119,43.642,4.0593,8.2461,12.3296,2.6467,42.9979,0.6458,0,15,0,5791.91,1137.7,
2026-03-04,35,2508,75,42,671,2539,6.4935,18.3142,32.6291,2.7978,68.522,71.3284,1.5584,12,908,22,12,164,933,6.9002,22.7176,40.0,1.3608,57.7433,59.1041,1.4155,23,1600,53,30,507,1606,6.2649,15.8273,28.3775,1.437,10.7788,12.2244,3.0439,49.6512,0.6728,0,9,4,5093.54,978.44,
2026-03-05,2475,59,84,59,70,2540,18.8312,35.5036,44.4097,54.0118,1.6196,57.1469,1.134,896,21,25,12,19,933,20.1699,42.6752,53.6898,42.1535,1.1953,44.8614,0.9787,1579,38,59,47,51,1607,18.0788,31.456,39.0635,11.8583,0.4243,12.2855,2.6945,47.0267,0.5604,0,17,1,5583.9,1116.41,
2026-03-06,1656,814,149,83,63,2541,22.7655,40.2374,45.721,25.9665,16.9289,43.1545,0.8537,522,361,60,16,17,933,22.5053,46.3907,54.1176,16.8746,14.5997,31.5737,0.6887,1134,453,89,67,46,1608,22.9117,36.7665,40.8867,9.0918,2.3291,11.5808,2.4596,40.2555,0.5419,0,11,2,5584.87,1154.67,
2026-03-09,222,2311,87,59,174,2541,12.8724,28.7136,40.0156,7.6467,35.3386,43.1444,0.9066,72,847,24,14,68,933,12.1019,32.6964,45.8824,3.3716,29.8277,33.2,0.7702,150,1464,63,45,106,1608,13.3055,26.4671,36.6379,4.2751,5.5109,9.9444,2.2177,44.9123,0.9455,0,4,1,5251.87,1102.28,
2026-03-10,2088,404,129,73,84,2541,18.793,35.6678,43.7671,34.8174,5.776,41.019,0.8182,752,146,45,11,30,933,16.7728,40.2335,50.9091,25.2316,2.9776,28.609,0.6292,1336,258,84,62,54,1608,19.9284,33.094,39.6552,9.5859,2.7984,12.4099,2.6624,44.0366,0.5663,0,12,0,5532.59,1137.68,
2026-03-11,1820,655,146,94,63,2542,23.7968,40.9874,46.6797,29.7437,10.3566,40.4001,0.795,701,198,44,16,21,933,22.0807,46.8153,54.7594,20.5241,5.4279,26.1788,0.5675,1119,457,102,78,42,1609,24.7613,37.702,42.0308,9.2196,4.9288,14.2213,3.0322,35.9712,0.5678,0,19,0,5609.95,1136.83,
2026-03-12,1526,932,163,113,65,2542,27.8839,43.9556,47.7157,17.6894,16.5741,34.8567,0.6886,568,321,54,29,20,933,25.9023,50.0,56.2567,9.9775,13.2646,23.7501,0.5177,958,611,109,84,45,1609,28.9976,40.5502,42.8044,7.712,3.3095,11.1066,2.3403,35.6821,0.9448,0,16,2,5583.25,1148.4,
2026-03-13,1179,1275,167,117,72,2542,28.6478,44.1469,48.1655,16.2214,19.6913,36.2872,0.7273,337,550,56,32,23,933,23.7792,48.62,55.508,7.1324,16.308,23.5782,0.5227,842,725,111,85,49,1609,31.3842,41.6268,43.9459,9.089,3.3833,12.709,2.6544,36.4141,1.1567,1,9,0,5487.24,1152.96,
2026-03-16,754,1718,149,95,84,2543,27.3491,40.8795,46.8591,18.1224,13.9821,33.4889,0.6647,248,644,51,22,24,933,22.1868,43.949,53.4759,13.1162,8.637,21.803,0.4776,506,1074,98,73,60,1610,30.2506,39.1512,43.059,5.0062,5.3451,11.6859,2.4665,38.6064,1.8062,1,7,0,5549.85,1138.29,
2026-03-17,1538,906,178,80,76,2545,29.9083,42.8298,48.1077,22.2467,10.6938,33.1134,0.648,629,256,58,27,25,933,24.6285,46.9214,55.0802,15.9865,5.9495,22.0127,0.4745,909,650,120,53,51,1612,32.8759,40.526,44.1032,6.2602,4.7443,11.1007,2.3543,36.3929,1.0117,0,14,1,5640.48,1136.94,
2026-03-18,1567,893,162,112,72,2545,36.1345,46.1185,48.986,35.3111,4.3546,39.7627,0.7424,615,278,50,43,26,933,32.0594,51.4862,56.0897,25.5853,1.5232,27.1577,0.5572,952,615,112,69,46,1612,38.4248,43.0962,44.9017,9.7258,2.8314,12.6049,2.6133,42.6425,0.8112,0,10,0,5925.03,1164.38,
2026-03-19,608,1858,156,103,99,2545,31.2452,41.0707,47.3294,12.2528,20.4702,33.0652,0.6343,204,677,62,34,35,933,25.7962,44.9045,54.0598,7.6235,15.1839,22.9658,0.4845,404,1181,94,69,64,1612,34.3079,38.9121,43.4622,4.6293,5.2863,10.0994,2.1339,38.9505,1.5621,0,9,1,5763.22,1143.48,
2026-03-20,1895,588,139,140,67,2545,45.4163,47.9159,50.6433,23.4414,21.7396,45.8078,0.8754,740,158,45,59,19,933,44.1614,55.0955,60.2564,15.9938,17.5439,34.0083,0.716,1155,430,94,81,48,1612,46.1217,43.8733,45.1197,7.4476,4.1956,11.7995,2.4451,39.7241,1.2246,0,14,0,5781.2,1161.52,
2026-03-23,214,2315,94,64,134,2545,26.8908,35.3728,45.1072,5.7675,29.8978,35.933,0.7334,51,860,32,16,46,933,22.8238,38.0042,52.0299,2.7451,23.9165,26.8101,0.6036,163,1455,62,48,88,1612,29.1766,33.8912,41.1295,3.0225,5.9813,9.1228,1.9946,39.3866,1.0754,0,9,0,5405.75,1096.89,
2026-03-24,1883,592,148,77,81,2546,35.9053,39.0822,47.8752,25.2531,9.4855,34.9062,0.6943,703,191,49,19,19,934,32.0594,43.0998,55.4487,18.7199,5.99,24.8001,0.5434,1180,401,99,58,62,1612,38.0668,36.8201,43.5236,6.5332,3.4955,10.106,2.1805,40.3586,1.2482,0,15,1,5553.92,1121.44,
2026-03-25,1972,487,164,127,59,2547,51.1841,46.5774,50.2534,26.3623,8.8694,36.6321,0.7159,717,163,63,30,18,935,46.603,50.4246,58.1197,17.6765,6.371,24.4864,0.5283,1255,324,101,97,41,1612,53.7589,44.4112,45.7336,8.6858,2.4984,12.1457,2.5194,37.3592,0.8595,0,17,0,5642.21,1159.55,
2026-03-26,576,1902,146,81,67,2547,44.194,40.8413,48.2261,10.0241,25.8654,36.643,0.7393,224,663,56,24,19,935,43.2059,45.1168,55.6624,4.1048,20.808,25.0332,0.5584,352,1239,90,57,48,1612,44.7494,38.434,43.9533,5.9194,5.0574,11.6098,2.4503,40.5205,0.961,0,11,0,5460.46,1136.64,
2026-03-27,1252,1169,204,94,68,2547,48.5103,41.3767,48.9478,12.5018,20.7833,34.0796,0.6897,434,441,68,20,23,935,47.3461,45.3291,56.3034,6.6047,16.8974,23.9792,0.537,818,728,136,74,45,1612,49.1647,39.1512,44.7239,5.8971,3.8859,10.1004,2.1232,41.4113,1.2917,1,10,0,5438.87,1141.51,
2026-03-30,514,1990,121,76,106,2549,37.5477,33.8556,45.0896,8.7646,20.5917,29.5013,0.6155,154,749,40,19,40,935,31.9533,33.6518,49.8932,4.3636,16.4026,20.8923,0.4824,360,1241,81,57,66,1614,40.6921,33.9701,42.3313,4.401,4.1891,8.609,1.8615,37.988,1.0067,0,16,0,5277.3,1107.05,
2026-03-31,319,2187,119,58,157,2550,27.2727,26.4807,41.4263,5.7136,32.3305,38.5283,0.841,117,790,36,17,50,935,23.1423,25.2654,46.1538,3.701,25.6886,29.4015,0.7095,202,1397,83,41,107,1615,29.5943,27.1642,38.7117,2.0126,6.6419,9.1267,2.0868,45.3495,1.5135,1,11,2,5052.46,1052.39,
2026-04-01,2304,209,113,95,63,2551,48.7973,38.2499,47.6228,35.4785,3.4914,38.9804,0.786,837,70,36,25,20,935,45.4931,39.2781,52.4573,27.1365,2.2255,29.3654,0.6531,1467,139,77,70,43,1616,50.6563,37.6716,44.8466,8.342,1.2659,9.615,2.0774,44.6611,1.03,1,11,0,5478.7,1116.18,
2026-04-02,227,2288,111,73,153,2551,24.8473,26.0222,41.9556,10.5764,33.2405,45.2014,0.9555,90,815,38,24,45,935,22.9056,25.0531,47.6496,6.5234,25.9714,32.5383,0.758,137,1473,73,49,108,1616,25.9392,26.5672,38.6879,4.053,7.2692,12.6631,2.8913,42.9834,1.6639,1,5,0,5234.05,1056.34,
2026-04-03,1789,665,173,95,93,2551,33.0027,30.6076,44.8209,24.9806,5.3769,30.8474,0.6356,665,223,55,32,29,935,31.3892,30.7856,50.4274,19.1017,3.107,22.2537,0.5044,1124,442,118,63,64,1616,33.9094,30.5075,41.6054,5.8789,2.2699,8.5937,1.9466,37.7797,1.2526,0,6,0,5377.3,1063.75,
2026-04-06,870,1573,185,85,129,2551,29.2255,29.2319,44.0031,19.8974,10.2166,30.3742,0.619,351,515,77,28,38,935,29.5864,29.9363,50.3205,15.1806,6.229,21.5951,0.4827,519,1058,108,57,91,1616,29.0226,28.8358,40.3799,4.7168,3.9876,8.7791,2.0274,40.8431,1.4305,1,10,0,5450.33,1047.37,
2026-04-07,768,1652,208,70,145,2552,26.4021,26.9775,42.9907,20.6322,11.2157,32.0942,0.65,286,578,79,19,39,935,26.6172,27.2824,49.4658,17.0291,6.2762,23.5224,0.5215,482,1074,129,51,106,1617,26.2813,26.806,39.277,3.603,4.9394,8.5718,2.0097,41.7507,1.1715,0,12,0,5494.78,1036.73,
2026-04-08,2144,324,160,118,75,2552,46.2419,36.7979,47.7025,43.1304,4.6227,47.8117,0.9073,783,105,55,46,21,935,50.2651,40.1274,53.0983,34.1901,2.5987,36.8415,0.7641,1361,219,105,72,54,1617,43.9809,34.9254,44.6078,8.9403,2.024,10.9702,2.4494,46.8377,0.7064,0,22,0,5872.34,1089.85,
2026-04-09,846,1571,211,99,86,2552,42.1595,35.5751,47.4114,15.3623,25.3238,41.6357,0.8028,355,510,78,40,24,935,46.3415,39.4904,54.2735,10.9537,21.5949,33.3871,0.7037,491,1061,133,59,62,1617,39.8093,33.3731,43.4783,4.4086,3.7289,8.2486,1.8655,46.2711,0.7987,0,13,0,5778.01,1076.0,
2026-04-10,2003,431,194,141,62,2552,57.9329,42.8735,50.7201,29.1947,5.1408,35.3168,0.6711,717,162,64,47,19,935,62.1421,47.2399,58.1197,19.7603,3.0013,23.697,0.4925,1286,269,130,94,43,1617,55.5688,40.4179,46.4789,9.4344,2.1394,11.6198,2.5765,37.697,0.8802,0,15,0,5858.87,1093.63,
2026-04-13,1150,1232,246,147,63,2553,57.8185,43.4849,51.1872,19.0841,12.7828,32.3258,0.6186,344,523,76,45,21,935,58.4305,44.586,57.5855,10.0214,11.217,21.5529,0.4519,806,709,170,102,42,1618,57.4747,42.8657,47.5199,9.0627,1.5659,10.7729,2.3631,35.364,1.734,1,21,0,5808.62,1099.84,
2026-04-14,1905,483,240,182,65,2553,71.434,50.5159,53.951,33.0121,6.748,40.1839,0.7485,669,197,77,52,21,935,70.7317,51.6985,60.3632,22.0938,4.7359,26.9982,0.5509,1236,286,163,130,44,1618,71.8285,49.8507,50.2756,10.9183,2.0121,13.1857,2.82,36.7516,1.1133,1,20,0,5967.75,1121.88,
2026-04-15,1652,714,262,204,63,2553,77.7269,56.1879,56.2865,38.5068,6.766,45.6187,0.8321,570,274,99,66,19,935,76.5642,56.5817,61.7521,27.2049,4.0829,31.5676,0.631,1082,440,163,138,44,1618,78.38,55.9666,53.1537,11.3019,2.6831,14.0511,2.9275,37.6948,0.7513,0,24,0,6091.39,1152.43,
2026-04-16,1745,628,255,190,61,2553,83.6828,63.7892,59.7898,31.8648,9.4495,41.5826,0.7429,655,206,82,61,19,935,84.8356,63.1635,65.3846,23.2312,3.6288,26.9942,0.5279,1090,422,173,129,42,1618,83.0357,64.1408,56.583,8.6336,5.8207,14.5884,3.0176,35.945,0.7791,0,21,5,6226.05,1162.97,
2026-04-17,1318,1032,278,180,64,2553,85.1315,66.3484,61.0743,19.0987,19.2137,39.0851,0.7016,464,388,91,57,20,935,86.5323,65.1805,66.1325,9.6597,14.5836,24.6357,0.4845,854,644,187,123,44,1618,84.3452,67.0048,58.1751,9.439,4.6301,14.4493,2.969,34.9445,1.0543,0,9,0,6191.92,1170.04,
2026-04-20,940,1416,272,172,65,2553,83.9116,65.0115,60.3737,21.7526,13.447,35.5395,0.6353,320,534,89,55,20,935,84.5175,62.4204,65.2778,13.5211,9.7236,23.4953,0.4601,620,882,183,117,45,1618,83.5714,66.4678,57.5628,8.2315,3.7234,12.0443,2.4707,33.9385,0.8855,0,13,0,6219.09,1174.85,
2026-04-21,1034,1326,268,162,66,2553,80.9451,65.89,60.5294,34.4885,9.1589,43.8936,0.7658,455,408,80,68,21,935,81.9724,63.6943,65.7051,27.4199,3.8818,31.3858,0.5983,579,918,188,94,45,1618,80.3688,67.1241,57.5628,7.0686,5.2771,12.5079,2.5749,37.1255,0.6385,0,13,0,6388.47,1179.03,
2026-04-22,1068,1287,273,191,69,2553,79.7714,64.7059,60.9576,25.5385,16.8541,42.8168,0.7437,397,463,83,83,22,935,80.3818,62.4204,66.3462,18.1568,12.7862,31.2693,0.5933,671,824,190,108,47,1618,79.4293,65.9905,57.869,7.3817,4.0678,11.5475,2.3723,34.0596,0.959,1,13,0,6417.93,1181.12,
2026-04-23,852,1511,265,154,67,2553,77.4095,63.5218,59.9455,34.8308,16.889,53.1146,0.915,356,505,82,72,21,935,79.8515,61.6773,64.4231,27.3601,11.8548,40.5047,0.7613,496,1006,183,82,46,1618,76.0404,64.5585,57.3791,7.4707,5.0342,12.61,2.5999,40.8786,0.4929,0,6,0,6475.81,1174.31,
2026-04-24,1686,672,270,213,64,2553,80.4571,67.8762,61.3858,28.4965,16.5156,45.445,0.7815,621,234,88,85,20,935,83.245,65.6051,66.3462,15.8658,14.1123,30.3121,0.57,1065,438,182,128,44,1618,78.8942,69.1527,58.5426,12.6307,2.4033,15.1329,3.0405,33.4538,0.505,0,10,0,6475.63,1203.84,
2026-04-27,1370,978,280,226,65,2553,81.7593,70.3972,62.0086,38.8004,9.3941,48.7064,0.8195,495,357,91,102,20,935,83.0329,66.9851,66.6667,27.1573,6.1108,33.6447,0.619,875,621,189,124,45,1618,81.0458,72.315,59.3386,11.6431,3.2833,15.0618,2.965,37.671,0.5217,0,14,1,6615.03,1226.18,
2026-04-28,958,1386,284,186,72,2553,78.2559,70.9702,61.9066,29.3791,18.5262,48.1661,0.8081,432,416,95,88,23,935,81.2301,69.5329,67.2009,24.2596,12.9172,37.304,0.6836,526,970,189,98,49,1618,76.5894,71.778,58.8739,5.1195,5.609,10.8622,2.1584,36.6258,1.0897,0,13,0,6641.02,1215.58,
2026-04-29,1227,1085,316,207,75,2553,77.1983,71.123,62.9716,27.3733,14.957,45.3576,0.7552,477,364,102,104,25,935,80.0636,69.8514,68.8034,20.6475,10.787,31.686,0.5762,750,721,214,103,50,1618,75.5938,71.8377,59.633,6.7258,4.17,13.6715,2.6963,38.7205,0.6493,0,11,0,6690.9,1220.26,
2026-04-30,569,1780,280,126,75,2553,68.6454,67.3415,61.2602,18.0184,29.1462,47.5583,0.8038,194,666,83,51,23,935,71.0498,64.4374,66.453,12.2946,23.0109,35.4326,0.6536,375,1114,197,75,52,1618,67.2997,68.9737,58.2875,5.7238,6.1353,12.1257,2.4456,35.0895,0.5673,0,9,0,6598.87,1192.35,
2026-05-04,1124,1229,276,211,90,2553,65.9437,67.4561,60.7698,47.8896,9.1243,57.2731,0.9227,391,475,77,89,31,935,66.8081,64.3312,65.5983,36.3555,6.6838,43.2324,0.7582,733,754,199,122,59,1618,65.4599,69.2124,58.0073,11.5342,2.4405,14.0407,2.7821,41.9121,0.568,0,14,0,6936.99,1213.74,
2026-05-06,585,1806,238,204,126,2553,50.4566,59.3201,58.0645,59.4575,16.4919,76.1612,1.1576,199,678,66,75,47,935,50.3712,57.3248,62.0064,49.2137,11.1626,60.5155,0.9957,386,1128,172,129,79,1618,50.5045,60.4415,55.8068,10.2438,5.3293,15.6456,3.1182,47.3719,0.3959,0,14,0,7384.56,1210.17,
2026-05-07,768,1602,259,138,135,2553,43.7595,56.7227,56.7431,46.7814,19.2952,66.193,0.9946,352,502,89,54,46,935,47.1898,56.7941,61.3661,37.9957,13.453,51.5238,0.8366,416,1100,170,84,89,1618,41.8398,56.6826,54.0954,8.7858,5.8422,14.6693,2.9554,45.9784,0.4588,0,9,0,7490.05,1199.18,
2026-05-08,1053,1307,269,152,130,2554,42.1994,57.6012,57.3649,31.5756,23.7666,55.5486,0.8331,368,499,76,53,46,935,46.0233,57.8556,62.54,21.2972,19.753,41.2027,0.6684,685,808,193,99,84,1619,40.0593,57.4582,54.401,10.2784,4.0136,14.3459,2.8542,43.6549,0.3981,0,16,0,7498.0,1207.72,
2026-05-11,519,1897,213,147,206,2555,32.2679,50.6112,53.4965,51.5439,16.1066,69.0197,0.9943,148,736,59,53,70,935,32.7678,50.4246,58.5912,40.1481,11.4757,51.8933,0.8063,371,1161,154,94,136,1620,31.9881,50.716,50.5803,11.3958,4.631,17.1264,3.3883,50.2334,0.4595,0,12,1,7822.24,1207.34,
2026-05-12,441,1976,213,101,256,2555,23.2116,42.628,50.4662,20.3059,60.6624,84.5323,1.2466,145,732,66,40,90,935,22.9056,41.8259,54.9626,11.1232,51.6485,66.3208,1.0551,296,1244,147,61,166,1620,23.3828,43.0788,47.8925,9.1827,9.0139,18.2114,3.6763,49.9415,0.523,0,14,0,7643.15,1179.29,
2026-05-13,891,1498,241,138,220,2555,22.4125,41.5584,48.7568,48.3873,14.4432,63.2894,0.9117,280,600,63,53,86,935,22.6935,39.3843,53.0416,42.0719,9.1968,51.6277,0.8004,611,898,178,85,134,1620,22.2552,42.7804,46.3042,6.3154,5.2464,11.6617,2.3727,53.7464,0.4998,0,28,0,7844.01,1176.93,
2026-05-14,1443,928,259,123,118,2555,26.2177,44.8816,50.5051,38.0397,24.1903,63.3642,0.8979,646,221,76,47,34,935,29.5864,48.0892,56.5635,31.2811,20.4182,51.8334,0.7898,797,707,183,76,84,1620,24.3323,43.0788,47.0373,6.7586,3.7721,11.5308,2.3366,49.6611,0.3785,0,13,0,7981.41,1191.09,
2026-05-15,354,2047,230,72,227,2556,18.6834,35.1661,46.2704,12.2269,59.2369,71.9194,1.0844,166,704,73,26,54,935,22.9056,39.8727,52.9349,7.7562,49.4978,57.6456,0.9358,188,1343,157,46,173,1621,16.3205,32.5179,42.4557,4.4708,9.7391,14.2738,3.0245,48.6715,0.3511,0,9,1,7493.18,1129.82,
2026-05-18,602,1831,198,83,316,2558,16.5906,31.0305,44.0948,36.0023,21.0576,57.1873,0.8605,203,686,54,21,89,935,18.8759,33.0859,50.0534,29.1253,15.7694,44.9869,0.7277,399,1145,144,62,227,1623,15.3116,29.8748,40.6842,6.8769,5.2882,12.2004,2.6311,51.2761,0.3697,0,7,2,7516.04,1111.09,
2026-05-19,548,1867,216,73,325,2559,13.7367,26.7837,41.2816,9.5563,39.4308,49.1302,0.7636,177,707,59,17,96,935,14.7402,27.4655,46.6382,3.7405,33.9319,37.7147,0.6306,371,1160,157,56,229,1624,13.1751,26.4005,38.2173,5.8158,5.4989,11.4155,2.5224,49.171,0.4699,0,9,0,7271.66,1084.36,
2026-05-20,310,2156,166,62,489,2559,10.8067,21.9763,37.2427,21.1199,19.9695,51.0981,0.8023,90,811,42,17,147,935,10.6045,21.7391,41.7289,15.9903,14.777,40.7146,0.6868,220,1345,124,45,342,1624,10.9199,22.1097,34.6764,5.1296,5.1924,10.3834,2.3554,55.4147,0.5033,0,10,2,7208.95,1056.07,
2026-05-21,1710,719,204,87,300,2559,14.003,26.2495,40.5668,50.9708,3.4116,54.4812,0.7913,668,220,55,29,90,935,14.9523,27.8897,45.7844,42.8216,1.0543,43.9301,0.6838,1042,499,149,58,210,1624,13.4718,25.3278,37.5839,8.1492,2.3574,10.5511,2.2896,54.4495,0.3653,0,17,0,7815.59,1105.97,
2026-05-22,2168,310,155,120,84,2560,20.8904,32.3541,44.8196,31.1729,11.3362,42.7409,0.6168,786,118,39,34,27,935,21.527,34.1463,49.7332,21.5083,9.5484,31.2829,0.4851,1382,192,116,86,57,1625,20.5341,31.3468,42.0122,9.6645,1.7879,11.458,2.3837,43.0741,0.3943,0,10,1,7847.71,1161.13,
2026-05-26,749,1701,183,117,190,2561,20.7763,30.9042,43.1342,42.007,11.3952,53.6868,0.7566,234,654,55,39,60,935,19.8303,31.1771,47.3853,32.7453,7.8606,40.8039,0.6173,515,1047,128,78,130,1626,21.3056,30.7509,40.7069,9.2617,3.5346,12.8829,2.6528,47.3534,0.3577,0,17,0,8047.51,1172.52,
2026-05-27,247,2250,136,81,453,2562,14.4216,24.0275,37.7424,43.1468,24.5463,67.8154,0.938,75,824,44,31,152,935,13.2556,24.4963,41.7289,39.3575,16.3761,55.8311,0.8257,172,1426,92,50,301,1627,15.0742,23.7641,35.4662,3.7893,8.1702,11.9843,2.558,56.2844,0.3695,0,10,0,8228.7,1133.13,
2026-05-28,560,1910,163,74,478,2563,11.8341,19.9847,35.6478,31.5028,32.957,64.5159,0.8983,213,677,53,25,146,935,11.983,20.6787,38.8474,27.2313,26.7546,53.9952,0.8028,347,1233,110,49,332,1628,11.7507,19.595,33.8208,4.2715,6.2023,10.5207,2.3076,55.2842,0.4343,0,12,1,8185.29,1104.36,
2026-05-29,470,2019,144,75,605,2563,10.194,16.8192,32.6483,70.5145,20.0355,90.7918,1.2251,205,686,52,36,187,935,11.1347,18.8759,37.42,67.6553,13.2637,81.1309,1.1643,265,1333,92,39,418,1628,9.6679,15.6641,29.9208,2.8592,6.7718,9.6609,2.1843,57.0626,0.3611,0,8,1,8476.15,1074.8,
2026-06-01,390,2118,125,73,793,2564,8.4062,13.8825,28.9647,63.398,20.5762,84.0453,1.0953,178,729,36,34,252,936,10.1803,16.755,34.435,60.0273,14.1893,74.252,1.0255,212,1389,89,39,541,1628,7.414,12.2692,25.8379,3.3707,6.3869,9.7933,2.2615,58.2492,0.3473,0,10,0,8788.38,1050.03,
2026-06-02,687,1797,149,62,668,2565,8.0259,12.7335,26.7933,37.7087,40.9938,78.8299,1.027,269,633,41,25,205,936,10.9226,15.6946,31.7697,34.0992,35.9478,70.0852,0.9666,418,1164,108,37,463,1629,6.4057,11.0714,23.9488,3.6095,5.046,8.7446,2.0595,61.4153,0.3936,0,8,1,8801.49,1026.03,
2026-06-04,1207,1262,164,60,501,2565,8.4823,13.3054,26.7158,15.7621,39.1474,55.1117,0.7307,444,445,54,22,148,936,10.8165,16.4369,31.5565,9.9824,37.2511,47.4174,0.6669,763,817,110,38,353,1629,7.1767,11.5476,23.9488,5.7797,1.8963,7.6943,1.7811,56.3609,0.4304,0,8,1,8639.41,1049.73,
2026-06-05,583,1893,157,55,630,2565,6.5804,10.6748,24.5736,8.3323,45.8028,55.2193,0.7743,223,670,50,16,185,936,8.6957,13.4677,29.5309,5.9526,41.145,48.1736,0.7171,360,1223,107,39,445,1629,5.3974,9.1071,21.7418,2.3796,4.6578,7.0458,1.7016,61.3348,0.3691,0,5,0,8160.59,1002.44,
2026-06-08,108,2409,116,50,1087,2565,3.7657,6.7454,18.9147,5.4849,48.0998,54.0468,0.8265,40,873,30,15,350,936,4.666,8.0594,23.4542,4.5114,42.9314,47.4428,0.7701,68,1536,86,35,737,1629,3.2622,6.0083,16.3216,0.9736,5.1685,6.604,1.7438,63.5133,0.3747,0,8,1,7484.41,911.39,
2026-06-09,2124,368,142,57,223,2565,6.3878,9.219,22.2093,47.2188,7.2124,55.526,0.7862,772,130,41,18,73,936,7.8473,11.3468,27.0789,40.7118,6.2329,48.0187,0.7208,1352,238,101,39,150,1629,5.572,8.0262,19.4275,6.507,0.9795,7.5073,1.8734,60.9785,0.4336,0,7,1,8096.93,967.81,
2026-06-10,804,1663,167,57,322,2565,6.4639,8.2286,21.4729,7.5577,38.1255,45.9602,0.6807,342,548,53,17,88,936,8.0594,10.0742,26.6525,5.7054,33.8237,39.5811,0.6225,462,1115,114,40,234,1629,5.572,7.1938,18.514,1.8523,4.3018,6.3791,1.6199,56.841,0.5481,0,8,0,7730.82,951.63,
2026-06-11,1730,741,164,68,174,2566,10.3042,9.7143,23.2558,32.6924,20.686,55.9341,0.823,575,318,50,21,55,936,12.8314,11.3468,28.2516,25.0576,19.3967,46.9372,0.7349,1155,423,114,47,119,1630,8.8915,8.799,20.4019,7.6347,1.2893,8.9969,2.1973,55.1676,0.4565,0,13,0,7763.95,996.93,
2026-06-12,2006,476,153,68,104,2566,16.4576,12.1478,25.5715,51.6009,9.8105,61.4852,0.8652,754,144,45,20,24,936,20.9968,14.316,31.5565,43.3536,7.7254,51.1363,0.765,1252,332,108,48,80,1630,13.9218,10.9329,22.1546,8.2473,2.0851,10.349,2.4559,54.2132,0.3188,0,11,0,8123.62,1029.05,
2026-06-15,1611,837,187,59,93,2566,24.1733,13.671,27.5755,41.0209,5.4768,46.6783,0.6264,675,205,63,18,25,936,34.4645,18.0276,35.8209,37.3213,2.5767,40.0418,0.5695,936,632,124,41,68,1630,18.4242,11.2299,22.871,3.6996,2.9001,6.6364,1.5765,52.1201,0.4148,0,13,0,8545.98,1034.03,
2026-06-16,1239,1200,196,62,105,2566,28.5063,14.5413,27.7197,36.5017,10.0598,46.9752,0.6182,517,360,66,23,24,936,42.948,20.7847,36.6738,33.5747,6.6621,40.6048,0.5653,722,840,130,39,81,1630,20.4384,11.0451,22.614,2.9271,3.3978,6.3704,1.5297,51.11,0.6525,0,11,1,8726.6,1018.68,
2026-06-17,1259,1155,221,65,86,2567,30.9271,14.2314,27.5155,31.8117,11.1454,43.0584,0.5579,349,525,69,22,21,936,42.842,18.8759,35.1812,26.6401,9.3814,36.086,0.4946,910,630,152,43,65,1631,24.2747,11.632,23.147,5.1716,1.764,6.9724,1.653,54.0628,0.6167,0,11,0,8864.24,1031.96,
2026-06-18,334,2149,152,62,189,2568,21.6863,11.1111,24.9903,41.49,16.2331,57.8235,0.735,108,791,44,18,48,936,27.8897,13.3616,31.6631,38.3956,12.7244,51.1351,0.6856,226,1358,108,44,141,1632,18.2249,9.8516,21.19,3.0945,3.5088,6.6885,1.6356,65.4492,0.4202,0,15,0,9063.84,1000.93,
2026-06-19,303,2186,146,63,413,2568,13.4827,8.4855,21.6937,36.3901,36.7726,73.4203,0.9365,115,785,43,19,113,936,16.2248,10.6045,27.3987,35.0671,31.2463,66.5124,0.8933,188,1401,103,44,300,1632,11.9527,7.2997,18.4466,1.323,5.5263,6.9078,1.7509,66.4175,0.3454,0,9,1,9052.42,966.59,
2026-06-22,486,1969,180,65,603,2568,11.2039,7.8006,20.1005,27.6135,21.2116,49.034,0.6212,148,739,56,19,170,936,11.1347,8.6957,24.9467,23.0638,18.8225,42.0591,0.5608,338,1230,124,46,433,1632,11.2426,7.2997,17.3438,4.5497,2.3891,6.9748,1.7694,67.2655,0.406,0,11,2,9114.55,968.4,
2026-06-23,140,2360,135,51,1069,2568,6.8363,4.8706,14.9208,2.0396,62.1381,64.3242,0.9044,45,857,41,13,332,936,6.4687,5.7264,18.7633,1.0247,56.7729,57.8168,0.8566,95,1503,94,38,737,1632,7.0414,4.3917,12.735,1.0149,5.3653,6.5073,1.7956,68.9504,0.421,0,12,1,8203.84,891.52,
2026-06-24,1346,1097,192,49,588,2569,8.9632,5.7839,15.6552,46.767,14.1686,61.1131,0.8327,514,367,62,13,160,936,9.3319,6.5748,19.0832,43.6406,12.1172,55.8947,0.8018,832,730,130,36,428,1633,8.7574,5.3412,13.7053,3.1264,2.0514,5.2183,1.4172,73.5382,0.4272,0,18,1,8471.02,909.31,
2026-06-25,654,1804,177,51,811,2569,9.267,5.0989,14.3796,46.9476,9.769,57.0097,0.7387,289,589,65,14,236,936,10.9226,6.5748,18.4435,45.5707,6.4305,52.0769,0.7076,365,1215,112,37,575,1633,8.3432,4.273,12.0679,1.3768,3.3384,4.9328,1.3782,73.1039,0.4627,0,11,8,8930.3,887.81,
2026-06-26,302,2180,153,54,1135,2569,7.7858,4.5282,12.6015,2.4545,56.364,59.0151,0.8113,110,780,53,13,360,936,8.3775,6.3627,16.6311,1.1,52.4855,53.6117,0.7735,192,1400,100,41,775,1633,7.4556,3.5015,10.3093,1.3545,3.8785,5.4034,1.5755,70.5007,0.5883,0,11,4,8411.21,851.37,
2026-06-29,2285,223,127,53,122,2569,17.0528,6.583,16.3896,16.3714,30.9913,47.8759,0.6578,819,88,36,12,35,936,19.7243,8.2715,20.8955,12.9498,30.0449,43.0662,0.6233,1466,135,91,41,87,1633,15.5621,5.638,13.8266,3.4216,0.9464,4.8098,1.3056,66.6786,0.7214,0,20,1,8394.65,920.57,
2026-06-30,925,1540,171,58,142,2569,17.3566,7.4201,16.235,37.2666,8.9442,46.6642,0.6354,262,623,58,14,45,936,18.1336,9.1198,20.3625,34.7828,7.1964,42.2552,0.6057,663,917,113,44,97,1633,16.9231,6.4688,13.8872,2.4838,1.7477,4.409,1.198,67.3672,0.5034,0,16,0,8476.48,916.18,
2026-07-01,1841,628,168,67,116,2569,26.3957,8.9041,18.5543,19.1968,25.9281,46.04,0.6388,700,193,50,16,32,936,28.3139,11.1347,23.1343,15.6509,24.0964,39.8638,0.5835,1141,435,118,51,84,1633,25.3254,7.6558,15.9491,3.5459,1.8317,6.1762,1.6447,60.7394,0.4842,0,28,2,8303.41,929.35,
2026-07-02,576,1897,165,51,189,2569,21.7243,8.2953,15.5779,6.1067,46.775,53.0103,0.7983,280,616,47,14,44,936,26.193,10.2863,21.4286,5.3098,42.7306,48.1221,0.765,296,1281,118,37,145,1633,19.2308,7.181,12.2498,0.7969,4.0443,4.8882,1.3965,66.0588,0.4895,0,12,4,7648.09,866.72,
2026-07-03,1633,818,187,52,123,2569,27.0311,8.9041,16.3123,44.7884,7.0382,52.0279,0.7418,589,297,57,13,30,936,32.3436,11.4528,22.6013,41.9944,5.3476,47.5256,0.7136,1044,521,130,39,93,1633,24.0686,7.4777,12.735,2.794,1.6906,4.5024,1.2744,70.1068,0.7943,1,10,1,8088.34,868.41,
2026-07-06,1118,1331,189,56,127,2569,29.385,10.3881,16.0804,15.4202,20.0477,36.1053,0.5173,464,412,67,17,31,936,38.4942,14.1039,23.6674,14.0453,17.7776,31.8659,0.4804,654,919,122,39,96,1633,24.3051,8.3086,11.7647,1.3748,2.2701,4.2394,1.2236,64.3381,1.0058,0,14,0,8051.33,847.07,86.86
2026-07-07,804,1645,190,51,208,2569,28.1973,10.3501,14.8764,6.454,38.5171,45.2592,0.6811,358,512,73,16,48,936,38.176,15.2704,22.0682,4.8416,35.6747,40.7831,0.6468,446,1133,117,35,160,1633,22.6359,7.5964,10.7879,1.6124,2.8424,4.476,1.3188,66.175,0.7589,0,7,1,7656.31,831.23,85.69
2026-07-08,350,2135,154,52,427,2569,21.1385,8.7139,13.3308,3.2299,42.2198,45.5741,0.7247,125,765,53,15,93,936,28.632,12.3012,20.0426,2.1199,38.9387,41.1733,0.69,225,1370,101,37,334,1633,16.9622,6.7062,9.5152,1.1099,3.2811,4.4009,1.368,66.2201,0.8804,0,7,1,7246.79,785.0,87.9
2026-07-09,954,1500,185,52,371,2569,18.9753,8.105,13.2921,31.9155,11.4659,43.4548,0.6866,237,652,54,14,102,936,21.7391,10.0742,18.5501,28.926,10.4013,39.3685,0.6558,717,848,131,38,269,1633,17.435,7.003,10.303,2.9894,1.0646,4.0863,1.2551,63.5216,0.6079,0,9,0,7291.91,794.0,85.48
2026-07-10,2227,266,146,56,104,2569,32.334,11.9863,15.6878,23.5015,12.5449,36.1222,0.5558,802,92,49,18,23,936,36.0551,14.6341,21.7484,19.6091,11.5923,31.2415,0.5074,1425,174,97,38,81,1633,30.26,10.5045,12.2424,3.8924,0.9525,4.8807,1.4268,59.145,0.7352,0,10,7,7475.94,837.43,78.15
2026-07-13,375,2107,157,53,299,2570,23.9469,10.4983,14.0263,4.5161,38.1581,43.3141,0.7306,179,716,48,17,69,936,29.0562,12.4072,19.5096,3.6982,34.7156,38.4617,0.6862,196,1391,109,36,230,1634,21.0993,9.4306,10.9091,0.8178,3.4425,4.8524,1.5002,67.0176,0.7803,0,7,2,6806.93,799.36,83.33
2026-07-14,644,1805,191,54,441,2571,22.2391,9.9277,12.9057,37.8992,14.4364,52.3949,0.878,219,662,62,15,108,936,26.087,11.6649,17.484,35.7571,11.9775,47.7747,0.8456,425,1143,129,39,333,1635,20.0946,8.9561,10.303,2.1421,2.459,4.6202,1.4512,70.342,0.7557,0,11,0,6856.83,783.98,83.97
2026-07-15,2127,342,171,64,114,2571,34.611,12.7805,14.915,37.4222,1.0247,38.6076,0.6092,711,169,63,18,42,936,36.2672,15.3765,20.0426,33.4947,0.717,34.3416,0.5723,1416,173,108,46,72,1635,33.6879,11.3286,12.0,3.9276,0.3077,4.266,1.2646,64.4819,0.8253,0,21,1,7284.41,829.43,85.79
2026-07-16,855,1597,188,63,172,2572,36.0911,13.0087,13.8717,4.5962,28.1395,32.9688,0.5556,384,488,71,21,54,936,41.2513,16.1188,18.9765,3.7003,25.6594,29.585,0.5272,471,1109,117,42,118,1636,33.2151,11.2693,10.9697,0.8958,2.4801,3.3838,1.0513,64.1146,1.3698,0,17,1,6820.6,791.84,87.14
2026-07-20,274,2210,156,55,550,2573,24.8956,11.0308,12.1669,2.1788,30.5505,32.7357,0.5771,97,799,47,17,163,937,28.526,13.9979,16.3113,0.9013,28.319,29.2227,0.5447,177,1411,109,38,387,1636,22.8723,9.3713,9.8122,1.2775,2.2315,3.5129,1.1443,65.5615,1.0017,0,13,7,6516.27,749.64,86.87
2026-07-21,1408,1010,222,55,340,2573,26.0342,11.6774,12.5917,23.8388,3.6214,28.4829,0.4855,485,382,76,15,109,937,26.9353,12.9374,16.3113,21.8557,2.1636,25.0006,0.4496,923,628,146,40,231,1636,25.5319,10.9727,10.4785,1.9831,1.4578,3.4823,1.1359,61.702,1.4064,2,20,8,6747.95,753.34,84.89
2026-07-22,1267,1139,234,55,271,2573,27.0209,11.711,13.1711,17.3619,13.9012,31.4457,0.5322,469,399,75,16,77,937,27.6776,12.8314,17.3774,15.2336,12.0554,27.444,0.4898,798,740,159,39,194,1636,26.6548,11.0848,10.7813,2.1282,1.8458,4.0017,1.3103,61.9205,0.9804,0,14,4,6797.7,751.09,82.79
2026-07-23,2194,303,143,64,90,2574,46.9829,16.0456,15.1024,29.1722,2.1823,31.4054,0.5092,831,74,38,22,20,937,52.28,20.5726,21.322,25.8786,1.3335,27.2596,0.4661,1363,229,105,42,70,1637,44.0307,13.5151,11.5687,3.2936,0.8488,4.1459,1.3004,55.5055,0.7111,0,14,1,7096.89,790.28,80.46
2026-07-24,654,1788,198,58,152,2574,38.3681,15.8935,13.4415,6.3475,27.4853,34.3476,0.5909,301,585,57,20,30,937,45.175,20.4666,19.0832,5.5359,24.6768,30.413,0.5519,353,1203,141,38,122,1637,34.5745,13.3373,10.2362,0.8117,2.8086,3.9346,1.3022,60.4281,0.879,0,12,1,6690.62,748.22,78.65
2026-07-27,1427,986,228,55,138,2574,39.3399,17.7499,13.7119,20.6422,7.0054,27.8445,0.474,497,372,74,17,32,937,45.3871,23.2238,19.1898,17.9925,6.3711,24.445,0.4392,930,614,154,38,106,1637,35.9716,14.6919,10.5996,2.6497,0.6344,3.3995,1.1032,62.6302,0.7433,0,10,3,6755.75,764.86,77.55
2026-07-28,164,2354,124,49,569,2574,18.8093,12.2007,10.2742,1.2669,37.6665,38.941,0.7423,36,878,29,13,155,937,21.421,14.7402,13.7527,0.3729,34.9579,35.3315,0.7122,128,1476,95,36,414,1637,17.3554,10.782,8.298,0.8939,2.7086,3.6095,1.2663,68.9929,0.6379,0,14,4,6023.66,705.85,83.43
2026-07-29,216,2276,150,50,1001,2574,10.9553,9.046,7.9567,2.7797,50.7674,53.5988,1.0857,91,805,47,14,293,937,11.877,11.5589,10.8742,1.513,47.285,48.8436,1.0462,125,1471,103,36,708,1637,10.4425,7.6422,6.2992,1.2667,3.4824,4.7552,1.773,68.6421,0.6374,0,5,4,5663.24,662.68,87.79
2026-07-30,1306,1152,184,49,556,2574,13.5709,10.7903,8.7259,7.4306,32.7191,40.5926,0.8332,609,277,57,13,109,937,18.1336,15.8006,12.6731,6.5611,30.4958,37.4775,0.8128,697,875,127,36,447,1637,11.0324,7.9929,6.4809,0.8694,2.2232,3.1152,1.1935,66.5452,0.6844,0,9,1,5593.56,644.78,86.18
2026-07-31,2271,224,147,51,91,2575,27.6725,15.5336,11.4672,52.6285,2.0351,54.7423,0.9543,775,127,41,14,21,937,32.2375,20.5726,15.7614,48.8364,1.8971,50.7456,0.9319,1496,97,106,37,70,1638,25.1327,12.7219,9.0248,3.7921,0.138,3.9967,1.3734,71.1391,0.4076,0,25,0,6595.45,719.76,84.35
2026-08-03,1565,854,223,52,95,2575,34.8996,16.4071,11.6216,8.7533,21.2581,30.3539,0.5554,455,419,69,14,23,937,33.5101,18.4517,15.655,5.2253,20.7058,26.116,0.5056,1110,435,154,38,72,1638,35.6722,15.2663,9.3277,3.528,0.5523,4.2378,1.4126,63.5078,0.6705,0,14,0,6257.45,737.35,80.78
2026-08-04,2211,259,172,58,80,2576,58.8102,25.0665,13.7838,30.901,2.1664,33.2405,0.5977,788,96,59,16,20,937,57.5822,28.1018,18.3174,26.7228,1.8356,28.7271,0.5477,1423,163,113,42,60,1639,59.4929,23.3728,11.2053,4.1782,0.3308,4.5134,1.4265,60.9687,0.7999,0,12,0,6358.95,780.72,82.05
2026-08-05,1961,471,210,55,73,2577,71.5423,31.3331,15.7915,28.3882,2.2637,30.7737,0.5336,675,197,71,14,20,937,69.7773,34.8887,20.5538,24.0479,1.4233,25.5812,0.47,1286,274,139,41,53,1640,72.5236,29.3491,13.083,4.3403,0.8404,5.1925,1.5974,54.8587,0.8435,0,11,0,6598.26,799.59,78.55
2026-08-06,1173,1234,235,68,80,2578,72.0728,34.9032,15.7529,7.6756,23.2485,31.0455,0.5628,490,381,72,20,19,937,72.0042,41.0392,20.9798,4.84,21.2254,26.1725,0.5041,683,853,163,48,61,1641,72.1108,31.4793,12.7801,2.8355,2.0231,4.873,1.5012,58.2473,0.7019,0,10,0,6296.38,801.67,77.17
2026-08-07,1325,1098,219,66,77,2578,73.6643,38.5872,16.0618,14.2428,13.675,28.0595,0.5118,554,322,67,23,17,937,75.6098,46.0233,21.9382,12.2837,11.7817,24.1626,0.4683,771,776,152,43,60,1641,72.5825,34.4379,12.7196,1.9591,1.8933,3.8969,1.2097,55.9372,0.7236,0,9,1,6258.77,798.81,75.59
